band,observer_alt_km,target_alt_km,range_km,visibility_km,tau_up_band,source_case_id,requested_visibility,modin_visibility_line_or_hash,modin_sha256,MODOUT1_actual_aerosol_visibility_lines,modout1_sha256,raw_sample_dir,diagnosis
MWIR,5,5,1,2,0.7894240366,MWIR_transmittance_obs5_tar5_rng1_vis2_aerRural_humdefault,2,line3:1    0    1    0    0    0      2.000     0.000     0.000     0.000     0.000,52fd9795366586f4,CARD 2  *****    1    0    1    0    0    0   2.00000   0.00000   0.00000   0.00000   0.00000 | AEROSOL MODEL | REGIME                      AEROSOL TYPE             PROFILE                  SEASON | BOUNDARY LAYER (0-2KM)      RURAL                     2.00 KM METEOROLOGICAL_RANGE_AT_SEA_LEVEL | TROPOSPHERE  (2-10KM)       TROPOSPHERIC             TROPOSPHERIC             SPRING-SUMMER | STRATOSPHERE (10-30KM)      BCKGD_STRATOSPHERIC      BCKGD_STRATOSPHERIC      SPRING-SUMMER | UPPER ATMOS (30-100KM)      METEORIC DUST            NORMAL | 6371.23  RADIUS OF THE EARTH [KM].,44be1e481eceec70,HwaSim_IR\Bin\Config\Atmosphere\MODTRAN\raw\samples\MWIR_transmittance_obs5_tar5_rng1_vis2_aerRural_humdefault,POSSIBLE_PHYSICAL_LOW_SENSITIVITY
MWIR,5,5,1,5,0.7894240366,MWIR_transmittance_obs5_tar5_rng1_vis5_aerRural_humdefault,5,line3:1    0    1    0    0    0      5.000     0.000     0.000     0.000     0.000,057ce4f8cf063e9b,CARD 2  *****    1    0    1    0    0    0   5.00000   0.00000   0.00000   0.00000   0.00000 | AEROSOL MODEL | REGIME                      AEROSOL TYPE             PROFILE                  SEASON | BOUNDARY LAYER (0-2KM)      RURAL                     5.00 KM METEOROLOGICAL_RANGE_AT_SEA_LEVEL | TROPOSPHERE  (2-10KM)       TROPOSPHERIC             TROPOSPHERIC             SPRING-SUMMER | STRATOSPHERE (10-30KM)      BCKGD_STRATOSPHERIC      BCKGD_STRATOSPHERIC      SPRING-SUMMER | UPPER ATMOS (30-100KM)      METEORIC DUST            NORMAL | 6371.23  RADIUS OF THE EARTH [KM].,9a914cd957bff21b,HwaSim_IR\Bin\Config\Atmosphere\MODTRAN\raw\samples\MWIR_transmittance_obs5_tar5_rng1_vis5_aerRural_humdefault,POSSIBLE_PHYSICAL_LOW_SENSITIVITY
MWIR,5,5,1,10,0.7894240366,MWIR_transmittance_obs5_tar5_rng1_vis10_aerRural_humdefault,10,line3:1    0    1    0    0    0     10.000     0.000     0.000     0.000     0.000,dd466ef75167bd0e,CARD 2  *****    1    0    1    0    0    0  10.00000   0.00000   0.00000   0.00000   0.00000 | AEROSOL MODEL | REGIME                      AEROSOL TYPE             PROFILE                  SEASON | BOUNDARY LAYER (0-2KM)      RURAL                    10.00 KM METEOROLOGICAL_RANGE_AT_SEA_LEVEL | TROPOSPHERE  (2-10KM)       TROPOSPHERIC             TROPOSPHERIC             SPRING-SUMMER | STRATOSPHERE (10-30KM)      BCKGD_STRATOSPHERIC      BCKGD_STRATOSPHERIC      SPRING-SUMMER | UPPER ATMOS (30-100KM)      METEORIC DUST            NORMAL | 6371.23  RADIUS OF THE EARTH [KM].,2889ffab8d8df838,HwaSim_IR\Bin\Config\Atmosphere\MODTRAN\raw\samples\MWIR_transmittance_obs5_tar5_rng1_vis10_aerRural_humdefault,POSSIBLE_PHYSICAL_LOW_SENSITIVITY
MWIR,5,5,1,23,0.7894240366,MWIR_transmittance_obs5_tar5_rng1_vis23_aerRural_humdefault,23,line3:1    0    1    0    0    0     23.000     0.000     0.000     0.000     0.000,32a59bb9c2c2d06e,CARD 2  *****    1    0    1    0    0    0  23.00000   0.00000   0.00000   0.00000   0.00000 | AEROSOL MODEL | REGIME                      AEROSOL TYPE             PROFILE                  SEASON | BOUNDARY LAYER (0-2KM)      RURAL                    23.00 KM METEOROLOGICAL_RANGE_AT_SEA_LEVEL | TROPOSPHERE  (2-10KM)       TROPOSPHERIC             TROPOSPHERIC             SPRING-SUMMER | STRATOSPHERE (10-30KM)      BCKGD_STRATOSPHERIC      BCKGD_STRATOSPHERIC      SPRING-SUMMER | UPPER ATMOS (30-100KM)      METEORIC DUST            NORMAL | 6371.23  RADIUS OF THE EARTH [KM].,4aca330d37c364f6,HwaSim_IR\Bin\Config\Atmosphere\MODTRAN\raw\samples\MWIR_transmittance_obs5_tar5_rng1_vis23_aerRural_humdefault,POSSIBLE_PHYSICAL_LOW_SENSITIVITY
MWIR,5,5,1,50,0.7894240366,MWIR_transmittance_obs5_tar5_rng1_vis50_aerRural_humdefault,50,line3:1    0    1    0    0    0     50.000     0.000     0.000     0.000     0.000,f80aea7bd8b94c6a,CARD 2  *****    1    0    1    0    0    0  50.00000   0.00000   0.00000   0.00000   0.00000 | AEROSOL MODEL | REGIME                      AEROSOL TYPE             PROFILE                  SEASON | BOUNDARY LAYER (0-2KM)      RURAL                    50.00 KM METEOROLOGICAL_RANGE_AT_SEA_LEVEL | TROPOSPHERE  (2-10KM)       TROPOSPHERIC             TROPOSPHERIC             SPRING-SUMMER | STRATOSPHERE (10-30KM)      BCKGD_STRATOSPHERIC      BCKGD_STRATOSPHERIC      SPRING-SUMMER | UPPER ATMOS (30-100KM)      METEORIC DUST            NORMAL | 6371.23  RADIUS OF THE EARTH [KM].,3ad2868307db36a8,HwaSim_IR\Bin\Config\Atmosphere\MODTRAN\raw\samples\MWIR_transmittance_obs5_tar5_rng1_vis50_aerRural_humdefault,POSSIBLE_PHYSICAL_LOW_SENSITIVITY
MWIR,5,5,2,2,0.7824045258,MWIR_transmittance_obs5_tar5_rng2_vis2_aerRural_humdefault,2,line3:1    0    1    0    0    0      2.000     0.000     0.000     0.000     0.000,b565f434192aa90f,MISSING_MODOUT1,MISSING_MODOUT1,MISSING_RAW_SAMPLE_DIR,NEED_RAW_SAMPLE_REVIEW
MWIR,5,5,2,5,0.7824045258,MWIR_transmittance_obs5_tar5_rng2_vis5_aerRural_humdefault,5,line3:1    0    1    0    0    0      5.000     0.000     0.000     0.000     0.000,98e753b4075dba3f,MISSING_MODOUT1,MISSING_MODOUT1,MISSING_RAW_SAMPLE_DIR,NEED_RAW_SAMPLE_REVIEW
MWIR,5,5,2,10,0.7824045258,MWIR_transmittance_obs5_tar5_rng2_vis10_aerRural_humdefault,10,line3:1    0    1    0    0    0     10.000     0.000     0.000     0.000     0.000,a1aef15cc457fd55,MISSING_MODOUT1,MISSING_MODOUT1,MISSING_RAW_SAMPLE_DIR,NEED_RAW_SAMPLE_REVIEW
MWIR,5,5,2,23,0.7824045258,MWIR_transmittance_obs5_tar5_rng2_vis23_aerRural_humdefault,23,line3:1    0    1    0    0    0     23.000     0.000     0.000     0.000     0.000,d76627ecf9f623bc,MISSING_MODOUT1,MISSING_MODOUT1,MISSING_RAW_SAMPLE_DIR,NEED_RAW_SAMPLE_REVIEW
MWIR,5,5,2,50,0.7824045258,MWIR_transmittance_obs5_tar5_rng2_vis50_aerRural_humdefault,50,line3:1    0    1    0    0    0     50.000     0.000     0.000     0.000     0.000,80453e20ef8f67e2,MISSING_MODOUT1,MISSING_MODOUT1,MISSING_RAW_SAMPLE_DIR,NEED_RAW_SAMPLE_REVIEW
MWIR,5,5,5,2,0.6560062972,MWIR_transmittance_obs5_tar5_rng5_vis2_aerRural_humdefault,2,line3:1    0    1    0    0    0      2.000     0.000     0.000     0.000     0.000,2ebe22d0d558d817,MISSING_MODOUT1,MISSING_MODOUT1,MISSING_RAW_SAMPLE_DIR,NEED_RAW_SAMPLE_REVIEW
MWIR,5,5,5,5,0.6560062972,MWIR_transmittance_obs5_tar5_rng5_vis5_aerRural_humdefault,5,line3:1    0    1    0    0    0      5.000     0.000     0.000     0.000     0.000,d714e6d0dd51e6a2,MISSING_MODOUT1,MISSING_MODOUT1,MISSING_RAW_SAMPLE_DIR,NEED_RAW_SAMPLE_REVIEW
MWIR,5,5,5,10,0.6560062972,MWIR_transmittance_obs5_tar5_rng5_vis10_aerRural_humdefault,10,line3:1    0    1    0    0    0     10.000     0.000     0.000     0.000     0.000,5f7a8a13fe6a37f4,MISSING_MODOUT1,MISSING_MODOUT1,MISSING_RAW_SAMPLE_DIR,NEED_RAW_SAMPLE_REVIEW
MWIR,5,5,5,23,0.6560062972,MWIR_transmittance_obs5_tar5_rng5_vis23_aerRural_humdefault,23,line3:1    0    1    0    0    0     23.000     0.000     0.000     0.000     0.000,d5bce83ee509d474,MISSING_MODOUT1,MISSING_MODOUT1,MISSING_RAW_SAMPLE_DIR,NEED_RAW_SAMPLE_REVIEW
MWIR,5,5,5,50,0.6560064158,MWIR_transmittance_obs5_tar5_rng5_vis50_aerRural_humdefault,50,line3:1    0    1    0    0    0     50.000     0.000     0.000     0.000     0.000,53a4a811cf44030e,MISSING_MODOUT1,MISSING_MODOUT1,MISSING_RAW_SAMPLE_DIR,NEED_RAW_SAMPLE_REVIEW
MWIR,5,5,10,2,0.5738013229,MWIR_transmittance_obs5_tar5_rng10_vis2_aerRural_humdefault,2,line3:1    0    1    0    0    0      2.000     0.000     0.000     0.000     0.000,615ac57a14e5542f,MISSING_MODOUT1,MISSING_MODOUT1,MISSING_RAW_SAMPLE_DIR,NEED_RAW_SAMPLE_REVIEW
MWIR,5,5,10,5,0.5738013229,MWIR_transmittance_obs5_tar5_rng10_vis5_aerRural_humdefault,5,line3:1    0    1    0    0    0      5.000     0.000     0.000     0.000     0.000,c657535588e6077f,MISSING_MODOUT1,MISSING_MODOUT1,MISSING_RAW_SAMPLE_DIR,NEED_RAW_SAMPLE_REVIEW
MWIR,5,5,10,10,0.5738013229,MWIR_transmittance_obs5_tar5_rng10_vis10_aerRural_humdefault,10,line3:1    0    1    0    0    0     10.000     0.000     0.000     0.000     0.000,f9eea4b86662078d,MISSING_MODOUT1,MISSING_MODOUT1,MISSING_RAW_SAMPLE_DIR,NEED_RAW_SAMPLE_REVIEW
MWIR,5,5,10,23,0.5738013229,MWIR_transmittance_obs5_tar5_rng10_vis23_aerRural_humdefault,23,line3:1    0    1    0    0    0     23.000     0.000     0.000     0.000     0.000,93a0be066c49e8df,MISSING_MODOUT1,MISSING_MODOUT1,MISSING_RAW_SAMPLE_DIR,NEED_RAW_SAMPLE_REVIEW
MWIR,5,5,10,50,0.5738019635,MWIR_transmittance_obs5_tar5_rng10_vis50_aerRural_humdefault,50,line3:1    0    1    0    0    0     50.000     0.000     0.000     0.000     0.000,77343baa02fbacda,MISSING_MODOUT1,MISSING_MODOUT1,MISSING_RAW_SAMPLE_DIR,NEED_RAW_SAMPLE_REVIEW
MWIR,5,5,20,2,0.4732878245,MWIR_transmittance_obs5_tar5_rng20_vis2_aerRural_humdefault,2,line3:1    0    1    0    0    0      2.000     0.000     0.000     0.000     0.000,02d5c51c36b7ff39,MISSING_MODOUT1,MISSING_MODOUT1,MISSING_RAW_SAMPLE_DIR,NEED_RAW_SAMPLE_REVIEW
MWIR,5,5,20,5,0.4732878245,MWIR_transmittance_obs5_tar5_rng20_vis5_aerRural_humdefault,5,line3:1    0    1    0    0    0      5.000     0.000     0.000     0.000     0.000,ea72dfbe5c41cb56,MISSING_MODOUT1,MISSING_MODOUT1,MISSING_RAW_SAMPLE_DIR,NEED_RAW_SAMPLE_REVIEW
MWIR,5,5,20,10,0.4732878245,MWIR_transmittance_obs5_tar5_rng20_vis10_aerRural_humdefault,10,line3:1    0    1    0    0    0     10.000     0.000     0.000     0.000     0.000,30aa3a1128bd008c,MISSING_MODOUT1,MISSING_MODOUT1,MISSING_RAW_SAMPLE_DIR,NEED_RAW_SAMPLE_REVIEW
MWIR,5,5,20,23,0.4732878245,MWIR_transmittance_obs5_tar5_rng20_vis23_aerRural_humdefault,23,line3:1    0    1    0    0    0     23.000     0.000     0.000     0.000     0.000,836d92c162c2b077,MISSING_MODOUT1,MISSING_MODOUT1,MISSING_RAW_SAMPLE_DIR,NEED_RAW_SAMPLE_REVIEW
MWIR,5,5,20,50,0.4732905513,MWIR_transmittance_obs5_tar5_rng20_vis50_aerRural_humdefault,50,line3:1    0    1    0    0    0     50.000     0.000     0.000     0.000     0.000,b12514170532dfb1,MISSING_MODOUT1,MISSING_MODOUT1,MISSING_RAW_SAMPLE_DIR,NEED_RAW_SAMPLE_REVIEW
MWIR,10,5,5,2,0.7294806363,MWIR_transmittance_obs10_tar5_rng5_vis2_aerRural_humdefault,2,line3:1    0    1    0    0    0      2.000     0.000     0.000     0.000     0.000,4351771ffa3fbbb0,MISSING_MODOUT1,MISSING_MODOUT1,MISSING_RAW_SAMPLE_DIR,NEED_RAW_SAMPLE_REVIEW
MWIR,10,5,5,5,0.7294806363,MWIR_transmittance_obs10_tar5_rng5_vis5_aerRural_humdefault,5,line3:1    0    1    0    0    0      5.000     0.000     0.000     0.000     0.000,3a9e68ab66830b68,MISSING_MODOUT1,MISSING_MODOUT1,MISSING_RAW_SAMPLE_DIR,NEED_RAW_SAMPLE_REVIEW
MWIR,10,5,5,10,0.7294806363,MWIR_transmittance_obs10_tar5_rng5_vis10_aerRural_humdefault,10,line3:1    0    1    0    0    0     10.000     0.000     0.000     0.000     0.000,a09e5d7ef30d75d9,MISSING_MODOUT1,MISSING_MODOUT1,MISSING_RAW_SAMPLE_DIR,NEED_RAW_SAMPLE_REVIEW
MWIR,10,5,5,23,0.7294806363,MWIR_transmittance_obs10_tar5_rng5_vis23_aerRural_humdefault,23,line3:1    0    1    0    0    0     23.000     0.000     0.000     0.000     0.000,363cf175044f8296,MISSING_MODOUT1,MISSING_MODOUT1,MISSING_RAW_SAMPLE_DIR,NEED_RAW_SAMPLE_REVIEW
MWIR,10,5,5,50,0.7294806363,MWIR_transmittance_obs10_tar5_rng5_vis50_aerRural_humdefault,50,line3:1    0    1    0    0    0     50.000     0.000     0.000     0.000     0.000,8ab3f4ba54e0b727,MISSING_MODOUT1,MISSING_MODOUT1,MISSING_RAW_SAMPLE_DIR,NEED_RAW_SAMPLE_REVIEW
MWIR,10,5,10,2,0.6667283123,MWIR_transmittance_obs10_tar5_rng10_vis2_aerRural_humdefault,2,line3:1    0    1    0    0    0      2.000     0.000     0.000     0.000     0.000,e9857430b458635d,MISSING_MODOUT1,MISSING_MODOUT1,MISSING_RAW_SAMPLE_DIR,NEED_RAW_SAMPLE_REVIEW
MWIR,10,5,10,5,0.6667283123,MWIR_transmittance_obs10_tar5_rng10_vis5_aerRural_humdefault,5,line3:1    0    1    0    0    0      5.000     0.000     0.000     0.000     0.000,fbbdccd52a009e57,MISSING_MODOUT1,MISSING_MODOUT1,MISSING_RAW_SAMPLE_DIR,NEED_RAW_SAMPLE_REVIEW
MWIR,10,5,10,10,0.6667283123,MWIR_transmittance_obs10_tar5_rng10_vis10_aerRural_humdefault,10,line3:1    0    1    0    0    0     10.000     0.000     0.000     0.000     0.000,121d1ef7a3bb0410,MISSING_MODOUT1,MISSING_MODOUT1,MISSING_RAW_SAMPLE_DIR,NEED_RAW_SAMPLE_REVIEW
MWIR,10,5,10,23,0.6667283123,MWIR_transmittance_obs10_tar5_rng10_vis23_aerRural_humdefault,23,line3:1    0    1    0    0    0     23.000     0.000     0.000     0.000     0.000,895c3dc8b2738e68,MISSING_MODOUT1,MISSING_MODOUT1,MISSING_RAW_SAMPLE_DIR,NEED_RAW_SAMPLE_REVIEW
MWIR,10,5,10,50,0.6667283123,MWIR_transmittance_obs10_tar5_rng10_vis50_aerRural_humdefault,50,line3:1    0    1    0    0    0     50.000     0.000     0.000     0.000     0.000,7da7b9e283e28916,MISSING_MODOUT1,MISSING_MODOUT1,MISSING_RAW_SAMPLE_DIR,NEED_RAW_SAMPLE_REVIEW
MWIR,10,5,20,2,0.5861903324,MWIR_transmittance_obs10_tar5_rng20_vis2_aerRural_humdefault,2,line3:1    0    1    0    0    0      2.000     0.000     0.000     0.000     0.000,ce2d9897aae8f98a,MISSING_MODOUT1,MISSING_MODOUT1,MISSING_RAW_SAMPLE_DIR,NEED_RAW_SAMPLE_REVIEW
MWIR,10,5,20,5,0.5861903324,MWIR_transmittance_obs10_tar5_rng20_vis5_aerRural_humdefault,5,line3:1    0    1    0    0    0      5.000     0.000     0.000     0.000     0.000,e5076d0aeb2e95b8,MISSING_MODOUT1,MISSING_MODOUT1,MISSING_RAW_SAMPLE_DIR,NEED_RAW_SAMPLE_REVIEW
MWIR,10,5,20,10,0.5861903324,MWIR_transmittance_obs10_tar5_rng20_vis10_aerRural_humdefault,10,line3:1    0    1    0    0    0     10.000     0.000     0.000     0.000     0.000,07f79ec35d98284f,MISSING_MODOUT1,MISSING_MODOUT1,MISSING_RAW_SAMPLE_DIR,NEED_RAW_SAMPLE_REVIEW
MWIR,10,5,20,23,0.5861903324,MWIR_transmittance_obs10_tar5_rng20_vis23_aerRural_humdefault,23,line3:1    0    1    0    0    0     23.000     0.000     0.000     0.000     0.000,8069a1ae270f1cf0,MISSING_MODOUT1,MISSING_MODOUT1,MISSING_RAW_SAMPLE_DIR,NEED_RAW_SAMPLE_REVIEW
MWIR,10,5,20,50,0.5861903324,MWIR_transmittance_obs10_tar5_rng20_vis50_aerRural_humdefault,50,line3:1    0    1    0    0    0     50.000     0.000     0.000     0.000     0.000,6a0923fa552bc7bd,MISSING_MODOUT1,MISSING_MODOUT1,MISSING_RAW_SAMPLE_DIR,NEED_RAW_SAMPLE_REVIEW
MWIR,10,5,35,2,0.5064286867,MWIR_transmittance_obs10_tar5_rng35_vis2_aerRural_humdefault,2,line3:1    0    1    0    0    0      2.000     0.000     0.000     0.000     0.000,138cec16c874d125,MISSING_MODOUT1,MISSING_MODOUT1,MISSING_RAW_SAMPLE_DIR,NEED_RAW_SAMPLE_REVIEW
MWIR,10,5,35,5,0.5064286867,MWIR_transmittance_obs10_tar5_rng35_vis5_aerRural_humdefault,5,line3:1    0    1    0    0    0      5.000     0.000     0.000     0.000     0.000,563ad732039b7746,MISSING_MODOUT1,MISSING_MODOUT1,MISSING_RAW_SAMPLE_DIR,NEED_RAW_SAMPLE_REVIEW
MWIR,10,5,35,10,0.5064286867,MWIR_transmittance_obs10_tar5_rng35_vis10_aerRural_humdefault,10,line3:1    0    1    0    0    0     10.000     0.000     0.000     0.000     0.000,5d3b37aed8eed0c5,MISSING_MODOUT1,MISSING_MODOUT1,MISSING_RAW_SAMPLE_DIR,NEED_RAW_SAMPLE_REVIEW
MWIR,10,5,35,23,0.5064286867,MWIR_transmittance_obs10_tar5_rng35_vis23_aerRural_humdefault,23,line3:1    0    1    0    0    0     23.000     0.000     0.000     0.000     0.000,ebdd0934fea0a841,MISSING_MODOUT1,MISSING_MODOUT1,MISSING_RAW_SAMPLE_DIR,NEED_RAW_SAMPLE_REVIEW
MWIR,10,5,35,50,0.5064286867,MWIR_transmittance_obs10_tar5_rng35_vis50_aerRural_humdefault,50,line3:1    0    1    0    0    0     50.000     0.000     0.000     0.000     0.000,3438ccaf9380220a,MISSING_MODOUT1,MISSING_MODOUT1,MISSING_RAW_SAMPLE_DIR,NEED_RAW_SAMPLE_REVIEW
MWIR,10,5,50,2,0.4490617113,MWIR_transmittance_obs10_tar5_rng50_vis2_aerRural_humdefault,2,line3:1    0    1    0    0    0      2.000     0.000     0.000     0.000     0.000,350b262f70e60f5a,MISSING_MODOUT1,MISSING_MODOUT1,MISSING_RAW_SAMPLE_DIR,NEED_RAW_SAMPLE_REVIEW
MWIR,10,5,50,5,0.4490617113,MWIR_transmittance_obs10_tar5_rng50_vis5_aerRural_humdefault,5,line3:1    0    1    0    0    0      5.000     0.000     0.000     0.000     0.000,4b023cd8fe30a24c,MISSING_MODOUT1,MISSING_MODOUT1,MISSING_RAW_SAMPLE_DIR,NEED_RAW_SAMPLE_REVIEW
MWIR,10,5,50,10,0.4490617113,MWIR_transmittance_obs10_tar5_rng50_vis10_aerRural_humdefault,10,line3:1    0    1    0    0    0     10.000     0.000     0.000     0.000     0.000,2d4b7a061563c8ba,MISSING_MODOUT1,MISSING_MODOUT1,MISSING_RAW_SAMPLE_DIR,NEED_RAW_SAMPLE_REVIEW
MWIR,10,5,50,23,0.4490617113,MWIR_transmittance_obs10_tar5_rng50_vis23_aerRural_humdefault,23,line3:1    0    1    0    0    0     23.000     0.000     0.000     0.000     0.000,48a50292dbc76ea2,MISSING_MODOUT1,MISSING_MODOUT1,MISSING_RAW_SAMPLE_DIR,NEED_RAW_SAMPLE_REVIEW
MWIR,10,5,50,50,0.4490617113,MWIR_transmittance_obs10_tar5_rng50_vis50_aerRural_humdefault,50,line3:1    0    1    0    0    0     50.000     0.000     0.000     0.000     0.000,79a54ff01c990e8f,MISSING_MODOUT1,MISSING_MODOUT1,MISSING_RAW_SAMPLE_DIR,NEED_RAW_SAMPLE_REVIEW
MWIR,15,10,5,2,0.8320464735,MWIR_transmittance_obs15_tar10_rng5_vis2_aerRural_humdefault,2,line3:1    0    1    0    0    0      2.000     0.000     0.000     0.000     0.000,d3f5014455789387,MISSING_MODOUT1,MISSING_MODOUT1,MISSING_RAW_SAMPLE_DIR,NEED_RAW_SAMPLE_REVIEW
MWIR,15,10,5,5,0.8320464735,MWIR_transmittance_obs15_tar10_rng5_vis5_aerRural_humdefault,5,line3:1    0    1    0    0    0      5.000     0.000     0.000     0.000     0.000,aa441d4c026d3cb2,MISSING_MODOUT1,MISSING_MODOUT1,MISSING_RAW_SAMPLE_DIR,NEED_RAW_SAMPLE_REVIEW
MWIR,15,10,5,10,0.8320464735,MWIR_transmittance_obs15_tar10_rng5_vis10_aerRural_humdefault,10,line3:1    0    1    0    0    0     10.000     0.000     0.000     0.000     0.000,62399737f1aaa430,MISSING_MODOUT1,MISSING_MODOUT1,MISSING_RAW_SAMPLE_DIR,NEED_RAW_SAMPLE_REVIEW
MWIR,15,10,5,23,0.8320464735,MWIR_transmittance_obs15_tar10_rng5_vis23_aerRural_humdefault,23,line3:1    0    1    0    0    0     23.000     0.000     0.000     0.000     0.000,e2d1a476520e3285,MISSING_MODOUT1,MISSING_MODOUT1,MISSING_RAW_SAMPLE_DIR,NEED_RAW_SAMPLE_REVIEW
MWIR,15,10,5,50,0.8320464735,MWIR_transmittance_obs15_tar10_rng5_vis50_aerRural_humdefault,50,line3:1    0    1    0    0    0     50.000     0.000     0.000     0.000     0.000,3d53dbbc7de3d5e4,MISSING_MODOUT1,MISSING_MODOUT1,MISSING_RAW_SAMPLE_DIR,NEED_RAW_SAMPLE_REVIEW
MWIR,15,10,10,2,0.8005017461,MWIR_transmittance_obs15_tar10_rng10_vis2_aerRural_humdefault,2,line3:1    0    1    0    0    0      2.000     0.000     0.000     0.000     0.000,12b51d89b61bd470,MISSING_MODOUT1,MISSING_MODOUT1,MISSING_RAW_SAMPLE_DIR,NEED_RAW_SAMPLE_REVIEW
MWIR,15,10,10,5,0.8005017461,MWIR_transmittance_obs15_tar10_rng10_vis5_aerRural_humdefault,5,line3:1    0    1    0    0    0      5.000     0.000     0.000     0.000     0.000,58e5770393ef2dcb,MISSING_MODOUT1,MISSING_MODOUT1,MISSING_RAW_SAMPLE_DIR,NEED_RAW_SAMPLE_REVIEW
MWIR,15,10,10,10,0.8005017461,MWIR_transmittance_obs15_tar10_rng10_vis10_aerRural_humdefault,10,line3:1    0    1    0    0    0     10.000     0.000     0.000     0.000     0.000,232f2c937a103de0,MISSING_MODOUT1,MISSING_MODOUT1,MISSING_RAW_SAMPLE_DIR,NEED_RAW_SAMPLE_REVIEW
MWIR,15,10,10,23,0.8005017461,MWIR_transmittance_obs15_tar10_rng10_vis23_aerRural_humdefault,23,line3:1    0    1    0    0    0     23.000     0.000     0.000     0.000     0.000,9afdbfcd036f1584,MISSING_MODOUT1,MISSING_MODOUT1,MISSING_RAW_SAMPLE_DIR,NEED_RAW_SAMPLE_REVIEW
MWIR,15,10,10,50,0.8005017461,MWIR_transmittance_obs15_tar10_rng10_vis50_aerRural_humdefault,50,line3:1    0    1    0    0    0     50.000     0.000     0.000     0.000     0.000,ca581f8943971b43,MISSING_MODOUT1,MISSING_MODOUT1,MISSING_RAW_SAMPLE_DIR,NEED_RAW_SAMPLE_REVIEW
MWIR,15,10,20,2,0.7605567973,MWIR_transmittance_obs15_tar10_rng20_vis2_aerRural_humdefault,2,line3:1    0    1    0    0    0      2.000     0.000     0.000     0.000     0.000,204c0c3eca50ad38,MISSING_MODOUT1,MISSING_MODOUT1,MISSING_RAW_SAMPLE_DIR,NEED_RAW_SAMPLE_REVIEW
MWIR,15,10,20,5,0.7605567973,MWIR_transmittance_obs15_tar10_rng20_vis5_aerRural_humdefault,5,line3:1    0    1    0    0    0      5.000     0.000     0.000     0.000     0.000,e95c177f1468df01,MISSING_MODOUT1,MISSING_MODOUT1,MISSING_RAW_SAMPLE_DIR,NEED_RAW_SAMPLE_REVIEW
MWIR,15,10,20,10,0.7605567973,MWIR_transmittance_obs15_tar10_rng20_vis10_aerRural_humdefault,10,line3:1    0    1    0    0    0     10.000     0.000     0.000     0.000     0.000,6b80f68e990d612e,MISSING_MODOUT1,MISSING_MODOUT1,MISSING_RAW_SAMPLE_DIR,NEED_RAW_SAMPLE_REVIEW
MWIR,15,10,20,23,0.7605567973,MWIR_transmittance_obs15_tar10_rng20_vis23_aerRural_humdefault,23,line3:1    0    1    0    0    0     23.000     0.000     0.000     0.000     0.000,c18d443cf6447d3a,MISSING_MODOUT1,MISSING_MODOUT1,MISSING_RAW_SAMPLE_DIR,NEED_RAW_SAMPLE_REVIEW
MWIR,15,10,20,50,0.7605567973,MWIR_transmittance_obs15_tar10_rng20_vis50_aerRural_humdefault,50,line3:1    0    1    0    0    0     50.000     0.000     0.000     0.000     0.000,8b25e9648a25d1f1,MISSING_MODOUT1,MISSING_MODOUT1,MISSING_RAW_SAMPLE_DIR,NEED_RAW_SAMPLE_REVIEW
MWIR,15,10,35,2,0.7190002076,MWIR_transmittance_obs15_tar10_rng35_vis2_aerRural_humdefault,2,line3:1    0    1    0    0    0      2.000     0.000     0.000     0.000     0.000,1e19cf95c1e20a1b,MISSING_MODOUT1,MISSING_MODOUT1,MISSING_RAW_SAMPLE_DIR,NEED_RAW_SAMPLE_REVIEW
MWIR,15,10,35,5,0.7190002076,MWIR_transmittance_obs15_tar10_rng35_vis5_aerRural_humdefault,5,line3:1    0    1    0    0    0      5.000     0.000     0.000     0.000     0.000,9dde1d1b0d6d5a2c,MISSING_MODOUT1,MISSING_MODOUT1,MISSING_RAW_SAMPLE_DIR,NEED_RAW_SAMPLE_REVIEW
MWIR,15,10,35,10,0.7190002076,MWIR_transmittance_obs15_tar10_rng35_vis10_aerRural_humdefault,10,line3:1    0    1    0    0    0     10.000     0.000     0.000     0.000     0.000,247fe9087fbe4e36,MISSING_MODOUT1,MISSING_MODOUT1,MISSING_RAW_SAMPLE_DIR,NEED_RAW_SAMPLE_REVIEW
MWIR,15,10,35,23,0.7190002076,MWIR_transmittance_obs15_tar10_rng35_vis23_aerRural_humdefault,23,line3:1    0    1    0    0    0     23.000     0.000     0.000     0.000     0.000,8345df9153e2b5ee,MISSING_MODOUT1,MISSING_MODOUT1,MISSING_RAW_SAMPLE_DIR,NEED_RAW_SAMPLE_REVIEW
MWIR,15,10,35,50,0.7190002076,MWIR_transmittance_obs15_tar10_rng35_vis50_aerRural_humdefault,50,line3:1    0    1    0    0    0     50.000     0.000     0.000     0.000     0.000,d9b2650d8dc91e42,CARD 2  *****    1    0    1    0    0    0  50.00000   0.00000   0.00000   0.00000   0.00000 | AEROSOL MODEL | REGIME                      AEROSOL TYPE             PROFILE                  SEASON | BOUNDARY LAYER (0-2KM)      RURAL                    50.00 KM METEOROLOGICAL_RANGE_AT_SEA_LEVEL | TROPOSPHERE  (2-10KM)       TROPOSPHERIC             TROPOSPHERIC             SPRING-SUMMER | STRATOSPHERE (10-30KM)      BCKGD_STRATOSPHERIC      BCKGD_STRATOSPHERIC      SPRING-SUMMER | UPPER ATMOS (30-100KM)      METEORIC DUST            NORMAL | 6371.23  RADIUS OF THE EARTH [KM].,613bdf13fc76b427,HwaSim_IR\Bin\Config\Atmosphere\MODTRAN\raw\samples\MWIR_transmittance_obs15_tar10_rng35_vis50_aerRural_humdefault,NEED_RAW_SAMPLE_REVIEW
MWIR,15,10,50,2,0.6866620285,MWIR_transmittance_obs15_tar10_rng50_vis2_aerRural_humdefault,2,line3:1    0    1    0    0    0      2.000     0.000     0.000     0.000     0.000,6620c0bcae6ddec3,MISSING_MODOUT1,MISSING_MODOUT1,MISSING_RAW_SAMPLE_DIR,NEED_RAW_SAMPLE_REVIEW
MWIR,15,10,50,5,0.6866620285,MWIR_transmittance_obs15_tar10_rng50_vis5_aerRural_humdefault,5,line3:1    0    1    0    0    0      5.000     0.000     0.000     0.000     0.000,3bce695c40cba9b1,MISSING_MODOUT1,MISSING_MODOUT1,MISSING_RAW_SAMPLE_DIR,NEED_RAW_SAMPLE_REVIEW
MWIR,15,10,50,10,0.6866620285,MWIR_transmittance_obs15_tar10_rng50_vis10_aerRural_humdefault,10,line3:1    0    1    0    0    0     10.000     0.000     0.000     0.000     0.000,1c4fd453f3923a9e,MISSING_MODOUT1,MISSING_MODOUT1,MISSING_RAW_SAMPLE_DIR,NEED_RAW_SAMPLE_REVIEW
MWIR,15,10,50,23,0.6866620285,MWIR_transmittance_obs15_tar10_rng50_vis23_aerRural_humdefault,23,line3:1    0    1    0    0    0     23.000     0.000     0.000     0.000     0.000,026442934b552b62,MISSING_MODOUT1,MISSING_MODOUT1,MISSING_RAW_SAMPLE_DIR,NEED_RAW_SAMPLE_REVIEW
MWIR,15,10,50,50,0.6866620285,MWIR_transmittance_obs15_tar10_rng50_vis50_aerRural_humdefault,50,line3:1    0    1    0    0    0     50.000     0.000     0.000     0.000     0.000,7243ba6d9a442c53,MISSING_MODOUT1,MISSING_MODOUT1,MISSING_RAW_SAMPLE_DIR,NEED_RAW_SAMPLE_REVIEW
MWIR,20,10,10,2,0.8213674724,MWIR_transmittance_obs20_tar10_rng10_vis2_aerRural_humdefault,2,line3:1    0    1    0    0    0      2.000     0.000     0.000     0.000     0.000,169810ec6ce1db80,MISSING_MODOUT1,MISSING_MODOUT1,MISSING_RAW_SAMPLE_DIR,NEED_RAW_SAMPLE_REVIEW
MWIR,20,10,10,5,0.8213674724,MWIR_transmittance_obs20_tar10_rng10_vis5_aerRural_humdefault,5,line3:1    0    1    0    0    0      5.000     0.000     0.000     0.000     0.000,e4e5996bcc804be1,MISSING_MODOUT1,MISSING_MODOUT1,MISSING_RAW_SAMPLE_DIR,NEED_RAW_SAMPLE_REVIEW
MWIR,20,10,10,10,0.8213674724,MWIR_transmittance_obs20_tar10_rng10_vis10_aerRural_humdefault,10,line3:1    0    1    0    0    0     10.000     0.000     0.000     0.000     0.000,4129112b5bd075fa,MISSING_MODOUT1,MISSING_MODOUT1,MISSING_RAW_SAMPLE_DIR,NEED_RAW_SAMPLE_REVIEW
MWIR,20,10,10,23,0.8213674724,MWIR_transmittance_obs20_tar10_rng10_vis23_aerRural_humdefault,23,line3:1    0    1    0    0    0     23.000     0.000     0.000     0.000     0.000,ea51e8efa6efc2ae,MISSING_MODOUT1,MISSING_MODOUT1,MISSING_RAW_SAMPLE_DIR,NEED_RAW_SAMPLE_REVIEW
MWIR,20,10,10,50,0.8213674724,MWIR_transmittance_obs20_tar10_rng10_vis50_aerRural_humdefault,50,line3:1    0    1    0    0    0     50.000     0.000     0.000     0.000     0.000,cd3086a250c62136,MISSING_MODOUT1,MISSING_MODOUT1,MISSING_RAW_SAMPLE_DIR,NEED_RAW_SAMPLE_REVIEW
MWIR,20,10,20,2,0.7864738671,MWIR_transmittance_obs20_tar10_rng20_vis2_aerRural_humdefault,2,line3:1    0    1    0    0    0      2.000     0.000     0.000     0.000     0.000,8f08b032c8ab03bd,MISSING_MODOUT1,MISSING_MODOUT1,MISSING_RAW_SAMPLE_DIR,NEED_RAW_SAMPLE_REVIEW
MWIR,20,10,20,5,0.7864738671,MWIR_transmittance_obs20_tar10_rng20_vis5_aerRural_humdefault,5,line3:1    0    1    0    0    0      5.000     0.000     0.000     0.000     0.000,e60a9ffb8935004a,MISSING_MODOUT1,MISSING_MODOUT1,MISSING_RAW_SAMPLE_DIR,NEED_RAW_SAMPLE_REVIEW
MWIR,20,10,20,10,0.7864738671,MWIR_transmittance_obs20_tar10_rng20_vis10_aerRural_humdefault,10,line3:1    0    1    0    0    0     10.000     0.000     0.000     0.000     0.000,96000f359a10cf61,MISSING_MODOUT1,MISSING_MODOUT1,MISSING_RAW_SAMPLE_DIR,NEED_RAW_SAMPLE_REVIEW
MWIR,20,10,20,23,0.7864738671,MWIR_transmittance_obs20_tar10_rng20_vis23_aerRural_humdefault,23,line3:1    0    1    0    0    0     23.000     0.000     0.000     0.000     0.000,bd0e913deeaaff2e,MISSING_MODOUT1,MISSING_MODOUT1,MISSING_RAW_SAMPLE_DIR,NEED_RAW_SAMPLE_REVIEW
MWIR,20,10,20,50,0.7864738671,MWIR_transmittance_obs20_tar10_rng20_vis50_aerRural_humdefault,50,line3:1    0    1    0    0    0     50.000     0.000     0.000     0.000     0.000,c71be4bb9b308fc7,MISSING_MODOUT1,MISSING_MODOUT1,MISSING_RAW_SAMPLE_DIR,NEED_RAW_SAMPLE_REVIEW
MWIR,20,10,35,2,0.7508152386,MWIR_transmittance_obs20_tar10_rng35_vis2_aerRural_humdefault,2,line3:1    0    1    0    0    0      2.000     0.000     0.000     0.000     0.000,ad4321099613f08e,MISSING_MODOUT1,MISSING_MODOUT1,MISSING_RAW_SAMPLE_DIR,NEED_RAW_SAMPLE_REVIEW
MWIR,20,10,35,5,0.7508152386,MWIR_transmittance_obs20_tar10_rng35_vis5_aerRural_humdefault,5,line3:1    0    1    0    0    0      5.000     0.000     0.000     0.000     0.000,26e3023faf0b0fe6,MISSING_MODOUT1,MISSING_MODOUT1,MISSING_RAW_SAMPLE_DIR,NEED_RAW_SAMPLE_REVIEW
MWIR,20,10,35,10,0.7508152386,MWIR_transmittance_obs20_tar10_rng35_vis10_aerRural_humdefault,10,line3:1    0    1    0    0    0     10.000     0.000     0.000     0.000     0.000,9f5a8a66dcff4cb8,MISSING_MODOUT1,MISSING_MODOUT1,MISSING_RAW_SAMPLE_DIR,NEED_RAW_SAMPLE_REVIEW
MWIR,20,10,35,23,0.7508152386,MWIR_transmittance_obs20_tar10_rng35_vis23_aerRural_humdefault,23,line3:1    0    1    0    0    0     23.000     0.000     0.000     0.000     0.000,2782cdc334bf1db7,MISSING_MODOUT1,MISSING_MODOUT1,MISSING_RAW_SAMPLE_DIR,NEED_RAW_SAMPLE_REVIEW
MWIR,20,10,35,50,0.7508152386,MWIR_transmittance_obs20_tar10_rng35_vis50_aerRural_humdefault,50,line3:1    0    1    0    0    0     50.000     0.000     0.000     0.000     0.000,8e674a39c76d78f7,MISSING_MODOUT1,MISSING_MODOUT1,MISSING_RAW_SAMPLE_DIR,NEED_RAW_SAMPLE_REVIEW
MWIR,20,10,50,2,0.7232589952,MWIR_transmittance_obs20_tar10_rng50_vis2_aerRural_humdefault,2,line3:1    0    1    0    0    0      2.000     0.000     0.000     0.000     0.000,0ad869ab0df87b00,MISSING_MODOUT1,MISSING_MODOUT1,MISSING_RAW_SAMPLE_DIR,NEED_RAW_SAMPLE_REVIEW
MWIR,20,10,50,5,0.7232589952,MWIR_transmittance_obs20_tar10_rng50_vis5_aerRural_humdefault,5,line3:1    0    1    0    0    0      5.000     0.000     0.000     0.000     0.000,29806b65b6e9bfae,MISSING_MODOUT1,MISSING_MODOUT1,MISSING_RAW_SAMPLE_DIR,NEED_RAW_SAMPLE_REVIEW
MWIR,20,10,50,10,0.7232589952,MWIR_transmittance_obs20_tar10_rng50_vis10_aerRural_humdefault,10,line3:1    0    1    0    0    0     10.000     0.000     0.000     0.000     0.000,eaef61532462c78c,MISSING_MODOUT1,MISSING_MODOUT1,MISSING_RAW_SAMPLE_DIR,NEED_RAW_SAMPLE_REVIEW
MWIR,20,10,50,23,0.7232589952,MWIR_transmittance_obs20_tar10_rng50_vis23_aerRural_humdefault,23,line3:1    0    1    0    0    0     23.000     0.000     0.000     0.000     0.000,ea87ad99424f2e12,MISSING_MODOUT1,MISSING_MODOUT1,MISSING_RAW_SAMPLE_DIR,NEED_RAW_SAMPLE_REVIEW
MWIR,20,10,50,50,0.7232589952,MWIR_transmittance_obs20_tar10_rng50_vis50_aerRural_humdefault,50,line3:1    0    1    0    0    0     50.000     0.000     0.000     0.000     0.000,381c53268f1a40bc,MISSING_MODOUT1,MISSING_MODOUT1,MISSING_RAW_SAMPLE_DIR,NEED_RAW_SAMPLE_REVIEW
MWIR,20,15,5,2,0.8781126009,MWIR_transmittance_obs20_tar15_rng5_vis2_aerRural_humdefault,2,line3:1    0    1    0    0    0      2.000     0.000     0.000     0.000     0.000,66ef09d5f7b0f4d8,MISSING_MODOUT1,MISSING_MODOUT1,MISSING_RAW_SAMPLE_DIR,NEED_RAW_SAMPLE_REVIEW
MWIR,20,15,5,5,0.8781126009,MWIR_transmittance_obs20_tar15_rng5_vis5_aerRural_humdefault,5,line3:1    0    1    0    0    0      5.000     0.000     0.000     0.000     0.000,ae51ee872af860a6,MISSING_MODOUT1,MISSING_MODOUT1,MISSING_RAW_SAMPLE_DIR,NEED_RAW_SAMPLE_REVIEW
MWIR,20,15,5,10,0.8781126009,MWIR_transmittance_obs20_tar15_rng5_vis10_aerRural_humdefault,10,line3:1    0    1    0    0    0     10.000     0.000     0.000     0.000     0.000,0f923459e3cfdf8c,MISSING_MODOUT1,MISSING_MODOUT1,MISSING_RAW_SAMPLE_DIR,NEED_RAW_SAMPLE_REVIEW
MWIR,20,15,5,23,0.8781126009,MWIR_transmittance_obs20_tar15_rng5_vis23_aerRural_humdefault,23,line3:1    0    1    0    0    0     23.000     0.000     0.000     0.000     0.000,b11dd8fc06b5aef3,MISSING_MODOUT1,MISSING_MODOUT1,MISSING_RAW_SAMPLE_DIR,NEED_RAW_SAMPLE_REVIEW
MWIR,20,15,5,50,0.8781126009,MWIR_transmittance_obs20_tar15_rng5_vis50_aerRural_humdefault,50,line3:1    0    1    0    0    0     50.000     0.000     0.000     0.000     0.000,ac43a2a1e9b41846,MISSING_MODOUT1,MISSING_MODOUT1,MISSING_RAW_SAMPLE_DIR,NEED_RAW_SAMPLE_REVIEW
MWIR,20,15,10,2,0.8566819189,MWIR_transmittance_obs20_tar15_rng10_vis2_aerRural_humdefault,2,line3:1    0    1    0    0    0      2.000     0.000     0.000     0.000     0.000,65cf4b3e6f599f73,MISSING_MODOUT1,MISSING_MODOUT1,MISSING_RAW_SAMPLE_DIR,NEED_RAW_SAMPLE_REVIEW
MWIR,20,15,10,5,0.8566819189,MWIR_transmittance_obs20_tar15_rng10_vis5_aerRural_humdefault,5,line3:1    0    1    0    0    0      5.000     0.000     0.000     0.000     0.000,b7d05d25326d5d1b,MISSING_MODOUT1,MISSING_MODOUT1,MISSING_RAW_SAMPLE_DIR,NEED_RAW_SAMPLE_REVIEW
MWIR,20,15,10,10,0.8566819189,MWIR_transmittance_obs20_tar15_rng10_vis10_aerRural_humdefault,10,line3:1    0    1    0    0    0     10.000     0.000     0.000     0.000     0.000,66b2eacd86842c11,MISSING_MODOUT1,MISSING_MODOUT1,MISSING_RAW_SAMPLE_DIR,NEED_RAW_SAMPLE_REVIEW
MWIR,20,15,10,23,0.8566819189,MWIR_transmittance_obs20_tar15_rng10_vis23_aerRural_humdefault,23,line3:1    0    1    0    0    0     23.000     0.000     0.000     0.000     0.000,44b2daf33a964971,MISSING_MODOUT1,MISSING_MODOUT1,MISSING_RAW_SAMPLE_DIR,NEED_RAW_SAMPLE_REVIEW
MWIR,20,15,10,50,0.8566819189,MWIR_transmittance_obs20_tar15_rng10_vis50_aerRural_humdefault,50,line3:1    0    1    0    0    0     50.000     0.000     0.000     0.000     0.000,0f62dfe999cbe268,MISSING_MODOUT1,MISSING_MODOUT1,MISSING_RAW_SAMPLE_DIR,NEED_RAW_SAMPLE_REVIEW
MWIR,20,15,20,2,0.8303007572,MWIR_transmittance_obs20_tar15_rng20_vis2_aerRural_humdefault,2,line3:1    0    1    0    0    0      2.000     0.000     0.000     0.000     0.000,d31b0fbf44266eb7,MISSING_MODOUT1,MISSING_MODOUT1,MISSING_RAW_SAMPLE_DIR,NEED_RAW_SAMPLE_REVIEW
MWIR,20,15,20,5,0.8303007572,MWIR_transmittance_obs20_tar15_rng20_vis5_aerRural_humdefault,5,line3:1    0    1    0    0    0      5.000     0.000     0.000     0.000     0.000,157d37168e52ad6e,MISSING_MODOUT1,MISSING_MODOUT1,MISSING_RAW_SAMPLE_DIR,NEED_RAW_SAMPLE_REVIEW
MWIR,20,15,20,10,0.8303007572,MWIR_transmittance_obs20_tar15_rng20_vis10_aerRural_humdefault,10,line3:1    0    1    0    0    0     10.000     0.000     0.000     0.000     0.000,80b13425852dd9d4,MISSING_MODOUT1,MISSING_MODOUT1,MISSING_RAW_SAMPLE_DIR,NEED_RAW_SAMPLE_REVIEW
MWIR,20,15,20,23,0.8303007572,MWIR_transmittance_obs20_tar15_rng20_vis23_aerRural_humdefault,23,line3:1    0    1    0    0    0     23.000     0.000     0.000     0.000     0.000,2abe45fce8106cb7,MISSING_MODOUT1,MISSING_MODOUT1,MISSING_RAW_SAMPLE_DIR,NEED_RAW_SAMPLE_REVIEW
MWIR,20,15,20,50,0.8303007572,MWIR_transmittance_obs20_tar15_rng20_vis50_aerRural_humdefault,50,line3:1    0    1    0    0    0     50.000     0.000     0.000     0.000     0.000,5985ef7fb0c92f66,MISSING_MODOUT1,MISSING_MODOUT1,MISSING_RAW_SAMPLE_DIR,NEED_RAW_SAMPLE_REVIEW
MWIR,20,15,35,2,0.8041328758,MWIR_transmittance_obs20_tar15_rng35_vis2_aerRural_humdefault,2,line3:1    0    1    0    0    0      2.000     0.000     0.000     0.000     0.000,f75ef4da46388f0e,MISSING_MODOUT1,MISSING_MODOUT1,MISSING_RAW_SAMPLE_DIR,NEED_RAW_SAMPLE_REVIEW
MWIR,20,15,35,5,0.8041328758,MWIR_transmittance_obs20_tar15_rng35_vis5_aerRural_humdefault,5,line3:1    0    1    0    0    0      5.000     0.000     0.000     0.000     0.000,3495f3b0aad5cce7,MISSING_MODOUT1,MISSING_MODOUT1,MISSING_RAW_SAMPLE_DIR,NEED_RAW_SAMPLE_REVIEW
MWIR,20,15,35,10,0.8041328758,MWIR_transmittance_obs20_tar15_rng35_vis10_aerRural_humdefault,10,line3:1    0    1    0    0    0     10.000     0.000     0.000     0.000     0.000,2ef978412ef4ea5d,MISSING_MODOUT1,MISSING_MODOUT1,MISSING_RAW_SAMPLE_DIR,NEED_RAW_SAMPLE_REVIEW
MWIR,20,15,35,23,0.8041328758,MWIR_transmittance_obs20_tar15_rng35_vis23_aerRural_humdefault,23,line3:1    0    1    0    0    0     23.000     0.000     0.000     0.000     0.000,07bebb764edd65db,MISSING_MODOUT1,MISSING_MODOUT1,MISSING_RAW_SAMPLE_DIR,NEED_RAW_SAMPLE_REVIEW
MWIR,20,15,35,50,0.8041328758,MWIR_transmittance_obs20_tar15_rng35_vis50_aerRural_humdefault,50,line3:1    0    1    0    0    0     50.000     0.000     0.000     0.000     0.000,c2ab8c758db82e26,MISSING_MODOUT1,MISSING_MODOUT1,MISSING_RAW_SAMPLE_DIR,NEED_RAW_SAMPLE_REVIEW
MWIR,20,15,50,2,0.7844473618,MWIR_transmittance_obs20_tar15_rng50_vis2_aerRural_humdefault,2,line3:1    0    1    0    0    0      2.000     0.000     0.000     0.000     0.000,c0f20e227a195bb5,MISSING_MODOUT1,MISSING_MODOUT1,MISSING_RAW_SAMPLE_DIR,NEED_RAW_SAMPLE_REVIEW
MWIR,20,15,50,5,0.7844473618,MWIR_transmittance_obs20_tar15_rng50_vis5_aerRural_humdefault,5,line3:1    0    1    0    0    0      5.000     0.000     0.000     0.000     0.000,9fc251c7c5abdcfe,MISSING_MODOUT1,MISSING_MODOUT1,MISSING_RAW_SAMPLE_DIR,NEED_RAW_SAMPLE_REVIEW
MWIR,20,15,50,10,0.7844473618,MWIR_transmittance_obs20_tar15_rng50_vis10_aerRural_humdefault,10,line3:1    0    1    0    0    0     10.000     0.000     0.000     0.000     0.000,cbbdedf716569420,MISSING_MODOUT1,MISSING_MODOUT1,MISSING_RAW_SAMPLE_DIR,NEED_RAW_SAMPLE_REVIEW
MWIR,20,15,50,23,0.7844473618,MWIR_transmittance_obs20_tar15_rng50_vis23_aerRural_humdefault,23,line3:1    0    1    0    0    0     23.000     0.000     0.000     0.000     0.000,8f54d9839c52e96d,MISSING_MODOUT1,MISSING_MODOUT1,MISSING_RAW_SAMPLE_DIR,NEED_RAW_SAMPLE_REVIEW
MWIR,20,15,50,50,0.7844473618,MWIR_transmittance_obs20_tar15_rng50_vis50_aerRural_humdefault,50,line3:1    0    1    0    0    0     50.000     0.000     0.000     0.000     0.000,99e83e07bb5e38b1,CARD 2  *****    1    0    1    0    0    0  50.00000   0.00000   0.00000   0.00000   0.00000 | AEROSOL MODEL | REGIME                      AEROSOL TYPE             PROFILE                  SEASON | BOUNDARY LAYER (0-2KM)      RURAL                    50.00 KM METEOROLOGICAL_RANGE_AT_SEA_LEVEL | TROPOSPHERE  (2-10KM)       TROPOSPHERIC             TROPOSPHERIC             SPRING-SUMMER | STRATOSPHERE (10-30KM)      BCKGD_STRATOSPHERIC      BCKGD_STRATOSPHERIC      SPRING-SUMMER | UPPER ATMOS (30-100KM)      METEORIC DUST            NORMAL | 6371.23  RADIUS OF THE EARTH [KM].,1d0e8a57b2349be2,HwaSim_IR\Bin\Config\Atmosphere\MODTRAN\raw\samples\MWIR_transmittance_obs20_tar15_rng50_vis50_aerRural_humdefault,NEED_RAW_SAMPLE_REVIEW
NIR,5,5,1,2,0.9788553731,NIR_transmittance_obs5_tar5_rng1_vis2_aerRural_humdefault,2,line3:1    0    1    0    0    0      2.000     0.000     0.000     0.000     0.000,656aebd54addb102,MISSING_MODOUT1,MISSING_MODOUT1,MISSING_RAW_SAMPLE_DIR,NEED_RAW_SAMPLE_REVIEW
NIR,5,5,1,5,0.9788553731,NIR_transmittance_obs5_tar5_rng1_vis5_aerRural_humdefault,5,line3:1    0    1    0    0    0      5.000     0.000     0.000     0.000     0.000,5e4fc83869293335,MISSING_MODOUT1,MISSING_MODOUT1,MISSING_RAW_SAMPLE_DIR,NEED_RAW_SAMPLE_REVIEW
NIR,5,5,1,10,0.9788553731,NIR_transmittance_obs5_tar5_rng1_vis10_aerRural_humdefault,10,line3:1    0    1    0    0    0     10.000     0.000     0.000     0.000     0.000,064bc290d2a0103e,MISSING_MODOUT1,MISSING_MODOUT1,MISSING_RAW_SAMPLE_DIR,NEED_RAW_SAMPLE_REVIEW
NIR,5,5,1,23,0.9788553731,NIR_transmittance_obs5_tar5_rng1_vis23_aerRural_humdefault,23,line3:1    0    1    0    0    0     23.000     0.000     0.000     0.000     0.000,f1168b7758eedd26,MISSING_MODOUT1,MISSING_MODOUT1,MISSING_RAW_SAMPLE_DIR,NEED_RAW_SAMPLE_REVIEW
NIR,5,5,1,50,0.9788553904,NIR_transmittance_obs5_tar5_rng1_vis50_aerRural_humdefault,50,line3:1    0    1    0    0    0     50.000     0.000     0.000     0.000     0.000,4ba246a5acac14e7,MISSING_MODOUT1,MISSING_MODOUT1,MISSING_RAW_SAMPLE_DIR,NEED_RAW_SAMPLE_REVIEW
NIR,5,5,2,2,0.9683455728,NIR_transmittance_obs5_tar5_rng2_vis2_aerRural_humdefault,2,line3:1    0    1    0    0    0      2.000     0.000     0.000     0.000     0.000,72c946cc564b52f0,MISSING_MODOUT1,MISSING_MODOUT1,MISSING_RAW_SAMPLE_DIR,NEED_RAW_SAMPLE_REVIEW
NIR,5,5,2,5,0.9683455728,NIR_transmittance_obs5_tar5_rng2_vis5_aerRural_humdefault,5,line3:1    0    1    0    0    0      5.000     0.000     0.000     0.000     0.000,82a71588c98fe78c,MISSING_MODOUT1,MISSING_MODOUT1,MISSING_RAW_SAMPLE_DIR,NEED_RAW_SAMPLE_REVIEW
NIR,5,5,2,10,0.9683455728,NIR_transmittance_obs5_tar5_rng2_vis10_aerRural_humdefault,10,line3:1    0    1    0    0    0     10.000     0.000     0.000     0.000     0.000,b618589e2987dfae,MISSING_MODOUT1,MISSING_MODOUT1,MISSING_RAW_SAMPLE_DIR,NEED_RAW_SAMPLE_REVIEW
NIR,5,5,2,23,0.9683455728,NIR_transmittance_obs5_tar5_rng2_vis23_aerRural_humdefault,23,line3:1    0    1    0    0    0     23.000     0.000     0.000     0.000     0.000,eef818f9b07b2f4e,MISSING_MODOUT1,MISSING_MODOUT1,MISSING_RAW_SAMPLE_DIR,NEED_RAW_SAMPLE_REVIEW
NIR,5,5,2,50,0.9683457735,NIR_transmittance_obs5_tar5_rng2_vis50_aerRural_humdefault,50,line3:1    0    1    0    0    0     50.000     0.000     0.000     0.000     0.000,6db8496fd5ee747f,MISSING_MODOUT1,MISSING_MODOUT1,MISSING_RAW_SAMPLE_DIR,NEED_RAW_SAMPLE_REVIEW
NIR,5,5,5,2,0.9279222296,NIR_transmittance_obs5_tar5_rng5_vis2_aerRural_humdefault,2,line3:1    0    1    0    0    0      2.000     0.000     0.000     0.000     0.000,17bb0f5f6185e268,MISSING_MODOUT1,MISSING_MODOUT1,MISSING_RAW_SAMPLE_DIR,NEED_RAW_SAMPLE_REVIEW
NIR,5,5,5,5,0.9279222296,NIR_transmittance_obs5_tar5_rng5_vis5_aerRural_humdefault,5,line3:1    0    1    0    0    0      5.000     0.000     0.000     0.000     0.000,51213e1275392215,MISSING_MODOUT1,MISSING_MODOUT1,MISSING_RAW_SAMPLE_DIR,NEED_RAW_SAMPLE_REVIEW
NIR,5,5,5,10,0.9279222296,NIR_transmittance_obs5_tar5_rng5_vis10_aerRural_humdefault,10,line3:1    0    1    0    0    0     10.000     0.000     0.000     0.000     0.000,1a80ed673373c6db,MISSING_MODOUT1,MISSING_MODOUT1,MISSING_RAW_SAMPLE_DIR,NEED_RAW_SAMPLE_REVIEW
NIR,5,5,5,23,0.9279222296,NIR_transmittance_obs5_tar5_rng5_vis23_aerRural_humdefault,23,line3:1    0    1    0    0    0     23.000     0.000     0.000     0.000     0.000,5e9c19b801677477,MISSING_MODOUT1,MISSING_MODOUT1,MISSING_RAW_SAMPLE_DIR,NEED_RAW_SAMPLE_REVIEW
NIR,5,5,5,50,0.9279247917,NIR_transmittance_obs5_tar5_rng5_vis50_aerRural_humdefault,50,line3:1    0    1    0    0    0     50.000     0.000     0.000     0.000     0.000,4ead68d398e80589,MISSING_MODOUT1,MISSING_MODOUT1,MISSING_RAW_SAMPLE_DIR,NEED_RAW_SAMPLE_REVIEW
NIR,10,5,5,2,0.9609503908,NIR_transmittance_obs10_tar5_rng5_vis2_aerRural_humdefault,2,line3:1    0    1    0    0    0      2.000     0.000     0.000     0.000     0.000,ff32932964f56c42,MISSING_MODOUT1,MISSING_MODOUT1,MISSING_RAW_SAMPLE_DIR,NEED_RAW_SAMPLE_REVIEW
NIR,10,5,5,5,0.9609503908,NIR_transmittance_obs10_tar5_rng5_vis5_aerRural_humdefault,5,line3:1    0    1    0    0    0      5.000     0.000     0.000     0.000     0.000,65010cb04d4cbc48,MISSING_MODOUT1,MISSING_MODOUT1,MISSING_RAW_SAMPLE_DIR,NEED_RAW_SAMPLE_REVIEW
NIR,10,5,5,10,0.9609503908,NIR_transmittance_obs10_tar5_rng5_vis10_aerRural_humdefault,10,line3:1    0    1    0    0    0     10.000     0.000     0.000     0.000     0.000,fc3a022905e5bef6,MISSING_MODOUT1,MISSING_MODOUT1,MISSING_RAW_SAMPLE_DIR,NEED_RAW_SAMPLE_REVIEW
NIR,10,5,5,23,0.9609503908,NIR_transmittance_obs10_tar5_rng5_vis23_aerRural_humdefault,23,line3:1    0    1    0    0    0     23.000     0.000     0.000     0.000     0.000,c6977745fb207d8f,MISSING_MODOUT1,MISSING_MODOUT1,MISSING_RAW_SAMPLE_DIR,NEED_RAW_SAMPLE_REVIEW
NIR,10,5,5,50,0.9609503908,NIR_transmittance_obs10_tar5_rng5_vis50_aerRural_humdefault,50,line3:1    0    1    0    0    0     50.000     0.000     0.000     0.000     0.000,324352ae15a3fbcd,MISSING_MODOUT1,MISSING_MODOUT1,MISSING_RAW_SAMPLE_DIR,NEED_RAW_SAMPLE_REVIEW
NIR,10,5,10,2,0.9329166851,NIR_transmittance_obs10_tar5_rng10_vis2_aerRural_humdefault,2,line3:1    0    1    0    0    0      2.000     0.000     0.000     0.000     0.000,4bab631b3b07ea92,MISSING_MODOUT1,MISSING_MODOUT1,MISSING_RAW_SAMPLE_DIR,NEED_RAW_SAMPLE_REVIEW
NIR,10,5,10,5,0.9329166851,NIR_transmittance_obs10_tar5_rng10_vis5_aerRural_humdefault,5,line3:1    0    1    0    0    0      5.000     0.000     0.000     0.000     0.000,e536ab6226c6d012,MISSING_MODOUT1,MISSING_MODOUT1,MISSING_RAW_SAMPLE_DIR,NEED_RAW_SAMPLE_REVIEW
NIR,10,5,10,10,0.9329166851,NIR_transmittance_obs10_tar5_rng10_vis10_aerRural_humdefault,10,line3:1    0    1    0    0    0     10.000     0.000     0.000     0.000     0.000,18ab2d408f0987dc,MISSING_MODOUT1,MISSING_MODOUT1,MISSING_RAW_SAMPLE_DIR,NEED_RAW_SAMPLE_REVIEW
NIR,10,5,10,23,0.9329166851,NIR_transmittance_obs10_tar5_rng10_vis23_aerRural_humdefault,23,line3:1    0    1    0    0    0     23.000     0.000     0.000     0.000     0.000,786c4f78580996c4,MISSING_MODOUT1,MISSING_MODOUT1,MISSING_RAW_SAMPLE_DIR,NEED_RAW_SAMPLE_REVIEW
NIR,10,5,10,50,0.9329166851,NIR_transmittance_obs10_tar5_rng10_vis50_aerRural_humdefault,50,line3:1    0    1    0    0    0     50.000     0.000     0.000     0.000     0.000,b414a9899c2b4411,MISSING_MODOUT1,MISSING_MODOUT1,MISSING_RAW_SAMPLE_DIR,NEED_RAW_SAMPLE_REVIEW
NIR,10,5,20,2,0.8857208499,NIR_transmittance_obs10_tar5_rng20_vis2_aerRural_humdefault,2,line3:1    0    1    0    0    0      2.000     0.000     0.000     0.000     0.000,912b90e322364e18,MISSING_MODOUT1,MISSING_MODOUT1,MISSING_RAW_SAMPLE_DIR,NEED_RAW_SAMPLE_REVIEW
NIR,10,5,20,5,0.8857208499,NIR_transmittance_obs10_tar5_rng20_vis5_aerRural_humdefault,5,line3:1    0    1    0    0    0      5.000     0.000     0.000     0.000     0.000,d043a4435191c553,MISSING_MODOUT1,MISSING_MODOUT1,MISSING_RAW_SAMPLE_DIR,NEED_RAW_SAMPLE_REVIEW
NIR,10,5,20,10,0.8857208499,NIR_transmittance_obs10_tar5_rng20_vis10_aerRural_humdefault,10,line3:1    0    1    0    0    0     10.000     0.000     0.000     0.000     0.000,0201483781fb6c22,MISSING_MODOUT1,MISSING_MODOUT1,MISSING_RAW_SAMPLE_DIR,NEED_RAW_SAMPLE_REVIEW
NIR,10,5,20,23,0.8857208499,NIR_transmittance_obs10_tar5_rng20_vis23_aerRural_humdefault,23,line3:1    0    1    0    0    0     23.000     0.000     0.000     0.000     0.000,edefb3e0aa0b75e0,MISSING_MODOUT1,MISSING_MODOUT1,MISSING_RAW_SAMPLE_DIR,NEED_RAW_SAMPLE_REVIEW
NIR,10,5,20,50,0.8857208499,NIR_transmittance_obs10_tar5_rng20_vis50_aerRural_humdefault,50,line3:1    0    1    0    0    0     50.000     0.000     0.000     0.000     0.000,6963b0f175754843,CARD 2  *****    1    0    1    0    0    0  50.00000   0.00000   0.00000   0.00000   0.00000 | AEROSOL MODEL | REGIME                      AEROSOL TYPE             PROFILE                  SEASON | BOUNDARY LAYER (0-2KM)      RURAL                    50.00 KM METEOROLOGICAL_RANGE_AT_SEA_LEVEL | TROPOSPHERE  (2-10KM)       TROPOSPHERIC             TROPOSPHERIC             SPRING-SUMMER | STRATOSPHERE (10-30KM)      BCKGD_STRATOSPHERIC      BCKGD_STRATOSPHERIC      SPRING-SUMMER | UPPER ATMOS (30-100KM)      METEORIC DUST            NORMAL | 6371.23  RADIUS OF THE EARTH [KM].,977ce2af7e2f06f6,HwaSim_IR\Bin\Config\Atmosphere\MODTRAN\raw\samples\NIR_transmittance_obs10_tar5_rng20_vis50_aerRural_humdefault,NEED_RAW_SAMPLE_REVIEW
NIR,10,5,35,2,0.8255869427,NIR_transmittance_obs10_tar5_rng35_vis2_aerRural_humdefault,2,line3:1    0    1    0    0    0      2.000     0.000     0.000     0.000     0.000,dcf15bc610ccdb3e,MISSING_MODOUT1,MISSING_MODOUT1,MISSING_RAW_SAMPLE_DIR,NEED_RAW_SAMPLE_REVIEW
NIR,10,5,35,5,0.8255869427,NIR_transmittance_obs10_tar5_rng35_vis5_aerRural_humdefault,5,line3:1    0    1    0    0    0      5.000     0.000     0.000     0.000     0.000,1cf10539e741a506,MISSING_MODOUT1,MISSING_MODOUT1,MISSING_RAW_SAMPLE_DIR,NEED_RAW_SAMPLE_REVIEW
NIR,10,5,35,10,0.8255869427,NIR_transmittance_obs10_tar5_rng35_vis10_aerRural_humdefault,10,line3:1    0    1    0    0    0     10.000     0.000     0.000     0.000     0.000,cc1f8f88c3d4b99c,MISSING_MODOUT1,MISSING_MODOUT1,MISSING_RAW_SAMPLE_DIR,NEED_RAW_SAMPLE_REVIEW
NIR,10,5,35,23,0.8255869427,NIR_transmittance_obs10_tar5_rng35_vis23_aerRural_humdefault,23,line3:1    0    1    0    0    0     23.000     0.000     0.000     0.000     0.000,82abcc8ea8da46d2,MISSING_MODOUT1,MISSING_MODOUT1,MISSING_RAW_SAMPLE_DIR,NEED_RAW_SAMPLE_REVIEW
NIR,10,5,35,50,0.8255869427,NIR_transmittance_obs10_tar5_rng35_vis50_aerRural_humdefault,50,line3:1    0    1    0    0    0     50.000     0.000     0.000     0.000     0.000,3dd4412f15d46c80,MISSING_MODOUT1,MISSING_MODOUT1,MISSING_RAW_SAMPLE_DIR,NEED_RAW_SAMPLE_REVIEW
NIR,10,5,50,2,0.7726414238,NIR_transmittance_obs10_tar5_rng50_vis2_aerRural_humdefault,2,line3:1    0    1    0    0    0      2.000     0.000     0.000     0.000     0.000,4c6876283752a410,CARD 2  *****    1    0    1    0    0    0   2.00000   0.00000   0.00000   0.00000   0.00000 | AEROSOL MODEL | REGIME                      AEROSOL TYPE             PROFILE                  SEASON | BOUNDARY LAYER (0-2KM)      RURAL                     2.00 KM METEOROLOGICAL_RANGE_AT_SEA_LEVEL | TROPOSPHERE  (2-10KM)       TROPOSPHERIC             TROPOSPHERIC             SPRING-SUMMER | STRATOSPHERE (10-30KM)      BCKGD_STRATOSPHERIC      BCKGD_STRATOSPHERIC      SPRING-SUMMER | UPPER ATMOS (30-100KM)      METEORIC DUST            NORMAL | 6371.23  RADIUS OF THE EARTH [KM].,c96e020645f9fd29,HwaSim_IR\Bin\Config\Atmosphere\MODTRAN\raw\samples\NIR_transmittance_obs10_tar5_rng50_vis2_aerRural_humdefault,POSSIBLE_PHYSICAL_LOW_SENSITIVITY
NIR,10,5,50,5,0.7726414238,NIR_transmittance_obs10_tar5_rng50_vis5_aerRural_humdefault,5,line3:1    0    1    0    0    0      5.000     0.000     0.000     0.000     0.000,521638cda58697ab,CARD 2  *****    1    0    1    0    0    0   5.00000   0.00000   0.00000   0.00000   0.00000 | AEROSOL MODEL | REGIME                      AEROSOL TYPE             PROFILE                  SEASON | BOUNDARY LAYER (0-2KM)      RURAL                     5.00 KM METEOROLOGICAL_RANGE_AT_SEA_LEVEL | TROPOSPHERE  (2-10KM)       TROPOSPHERIC             TROPOSPHERIC             SPRING-SUMMER | STRATOSPHERE (10-30KM)      BCKGD_STRATOSPHERIC      BCKGD_STRATOSPHERIC      SPRING-SUMMER | UPPER ATMOS (30-100KM)      METEORIC DUST            NORMAL | 6371.23  RADIUS OF THE EARTH [KM].,a946f43bf35cd46a,HwaSim_IR\Bin\Config\Atmosphere\MODTRAN\raw\samples\NIR_transmittance_obs10_tar5_rng50_vis5_aerRural_humdefault,POSSIBLE_PHYSICAL_LOW_SENSITIVITY
NIR,10,5,50,10,0.7726414238,NIR_transmittance_obs10_tar5_rng50_vis10_aerRural_humdefault,10,line3:1    0    1    0    0    0     10.000     0.000     0.000     0.000     0.000,5c954e2ec8e3e5e0,CARD 2  *****    1    0    1    0    0    0  10.00000   0.00000   0.00000   0.00000   0.00000 | AEROSOL MODEL | REGIME                      AEROSOL TYPE             PROFILE                  SEASON | BOUNDARY LAYER (0-2KM)      RURAL                    10.00 KM METEOROLOGICAL_RANGE_AT_SEA_LEVEL | TROPOSPHERE  (2-10KM)       TROPOSPHERIC             TROPOSPHERIC             SPRING-SUMMER | STRATOSPHERE (10-30KM)      BCKGD_STRATOSPHERIC      BCKGD_STRATOSPHERIC      SPRING-SUMMER | UPPER ATMOS (30-100KM)      METEORIC DUST            NORMAL | 6371.23  RADIUS OF THE EARTH [KM].,734cf26aebc46297,HwaSim_IR\Bin\Config\Atmosphere\MODTRAN\raw\samples\NIR_transmittance_obs10_tar5_rng50_vis10_aerRural_humdefault,POSSIBLE_PHYSICAL_LOW_SENSITIVITY
NIR,10,5,50,23,0.7726414238,NIR_transmittance_obs10_tar5_rng50_vis23_aerRural_humdefault,23,line3:1    0    1    0    0    0     23.000     0.000     0.000     0.000     0.000,72499735e22ec31d,CARD 2  *****    1    0    1    0    0    0  23.00000   0.00000   0.00000   0.00000   0.00000 | AEROSOL MODEL | REGIME                      AEROSOL TYPE             PROFILE                  SEASON | BOUNDARY LAYER (0-2KM)      RURAL                    23.00 KM METEOROLOGICAL_RANGE_AT_SEA_LEVEL | TROPOSPHERE  (2-10KM)       TROPOSPHERIC             TROPOSPHERIC             SPRING-SUMMER | STRATOSPHERE (10-30KM)      BCKGD_STRATOSPHERIC      BCKGD_STRATOSPHERIC      SPRING-SUMMER | UPPER ATMOS (30-100KM)      METEORIC DUST            NORMAL | 6371.23  RADIUS OF THE EARTH [KM].,bf030ca396f72d49,HwaSim_IR\Bin\Config\Atmosphere\MODTRAN\raw\samples\NIR_transmittance_obs10_tar5_rng50_vis23_aerRural_humdefault,POSSIBLE_PHYSICAL_LOW_SENSITIVITY
NIR,10,5,50,50,0.7726414238,NIR_transmittance_obs10_tar5_rng50_vis50_aerRural_humdefault,50,line3:1    0    1    0    0    0     50.000     0.000     0.000     0.000     0.000,eb05cb9bd8abd8c0,CARD 2  *****    1    0    1    0    0    0  50.00000   0.00000   0.00000   0.00000   0.00000 | AEROSOL MODEL | REGIME                      AEROSOL TYPE             PROFILE                  SEASON | BOUNDARY LAYER (0-2KM)      RURAL                    50.00 KM METEOROLOGICAL_RANGE_AT_SEA_LEVEL | TROPOSPHERE  (2-10KM)       TROPOSPHERIC             TROPOSPHERIC             SPRING-SUMMER | STRATOSPHERE (10-30KM)      BCKGD_STRATOSPHERIC      BCKGD_STRATOSPHERIC      SPRING-SUMMER | UPPER ATMOS (30-100KM)      METEORIC DUST            NORMAL | 6371.23  RADIUS OF THE EARTH [KM].,96159082d530fb59,HwaSim_IR\Bin\Config\Atmosphere\MODTRAN\raw\samples\NIR_transmittance_obs10_tar5_rng50_vis50_aerRural_humdefault,POSSIBLE_PHYSICAL_LOW_SENSITIVITY
NIR,15,10,5,2,0.9925520941,NIR_transmittance_obs15_tar10_rng5_vis2_aerRural_humdefault,2,line3:1    0    1    0    0    0      2.000     0.000     0.000     0.000     0.000,80c4fe917edb51ff,MISSING_MODOUT1,MISSING_MODOUT1,MISSING_RAW_SAMPLE_DIR,NEED_RAW_SAMPLE_REVIEW
NIR,15,10,5,5,0.9925520941,NIR_transmittance_obs15_tar10_rng5_vis5_aerRural_humdefault,5,line3:1    0    1    0    0    0      5.000     0.000     0.000     0.000     0.000,45a5373eb9598b58,MISSING_MODOUT1,MISSING_MODOUT1,MISSING_RAW_SAMPLE_DIR,NEED_RAW_SAMPLE_REVIEW
NIR,15,10,5,10,0.9925520941,NIR_transmittance_obs15_tar10_rng5_vis10_aerRural_humdefault,10,line3:1    0    1    0    0    0     10.000     0.000     0.000     0.000     0.000,6064256e20b0d96f,MISSING_MODOUT1,MISSING_MODOUT1,MISSING_RAW_SAMPLE_DIR,NEED_RAW_SAMPLE_REVIEW
NIR,15,10,5,23,0.9925520941,NIR_transmittance_obs15_tar10_rng5_vis23_aerRural_humdefault,23,line3:1    0    1    0    0    0     23.000     0.000     0.000     0.000     0.000,629acbfab2e37334,MISSING_MODOUT1,MISSING_MODOUT1,MISSING_RAW_SAMPLE_DIR,NEED_RAW_SAMPLE_REVIEW
NIR,15,10,5,50,0.9925520941,NIR_transmittance_obs15_tar10_rng5_vis50_aerRural_humdefault,50,line3:1    0    1    0    0    0     50.000     0.000     0.000     0.000     0.000,1927375f81960af4,MISSING_MODOUT1,MISSING_MODOUT1,MISSING_RAW_SAMPLE_DIR,NEED_RAW_SAMPLE_REVIEW
NIR,15,10,10,2,0.9867637602,NIR_transmittance_obs15_tar10_rng10_vis2_aerRural_humdefault,2,line3:1    0    1    0    0    0      2.000     0.000     0.000     0.000     0.000,2f146cd735db499f,MISSING_MODOUT1,MISSING_MODOUT1,MISSING_RAW_SAMPLE_DIR,NEED_RAW_SAMPLE_REVIEW
NIR,15,10,10,5,0.9867637602,NIR_transmittance_obs15_tar10_rng10_vis5_aerRural_humdefault,5,line3:1    0    1    0    0    0      5.000     0.000     0.000     0.000     0.000,560bdd884851b853,MISSING_MODOUT1,MISSING_MODOUT1,MISSING_RAW_SAMPLE_DIR,NEED_RAW_SAMPLE_REVIEW
NIR,15,10,10,10,0.9867637602,NIR_transmittance_obs15_tar10_rng10_vis10_aerRural_humdefault,10,line3:1    0    1    0    0    0     10.000     0.000     0.000     0.000     0.000,b591d1fbf4454b71,MISSING_MODOUT1,MISSING_MODOUT1,MISSING_RAW_SAMPLE_DIR,NEED_RAW_SAMPLE_REVIEW
NIR,15,10,10,23,0.9867637602,NIR_transmittance_obs15_tar10_rng10_vis23_aerRural_humdefault,23,line3:1    0    1    0    0    0     23.000     0.000     0.000     0.000     0.000,d4529c4a0f567388,MISSING_MODOUT1,MISSING_MODOUT1,MISSING_RAW_SAMPLE_DIR,NEED_RAW_SAMPLE_REVIEW
NIR,15,10,10,50,0.9867637602,NIR_transmittance_obs15_tar10_rng10_vis50_aerRural_humdefault,50,line3:1    0    1    0    0    0     50.000     0.000     0.000     0.000     0.000,a9e9c54adca1abf9,MISSING_MODOUT1,MISSING_MODOUT1,MISSING_RAW_SAMPLE_DIR,NEED_RAW_SAMPLE_REVIEW
NIR,15,10,20,2,0.9761932837,NIR_transmittance_obs15_tar10_rng20_vis2_aerRural_humdefault,2,line3:1    0    1    0    0    0      2.000     0.000     0.000     0.000     0.000,1ead5e265e270884,MISSING_MODOUT1,MISSING_MODOUT1,MISSING_RAW_SAMPLE_DIR,NEED_RAW_SAMPLE_REVIEW
NIR,15,10,20,5,0.9761932837,NIR_transmittance_obs15_tar10_rng20_vis5_aerRural_humdefault,5,line3:1    0    1    0    0    0      5.000     0.000     0.000     0.000     0.000,735c9c3c9de85caa,MISSING_MODOUT1,MISSING_MODOUT1,MISSING_RAW_SAMPLE_DIR,NEED_RAW_SAMPLE_REVIEW
NIR,15,10,20,10,0.9761932837,NIR_transmittance_obs15_tar10_rng20_vis10_aerRural_humdefault,10,line3:1    0    1    0    0    0     10.000     0.000     0.000     0.000     0.000,7c6c5b037a47f05e,MISSING_MODOUT1,MISSING_MODOUT1,MISSING_RAW_SAMPLE_DIR,NEED_RAW_SAMPLE_REVIEW
NIR,15,10,20,23,0.9761932837,NIR_transmittance_obs15_tar10_rng20_vis23_aerRural_humdefault,23,line3:1    0    1    0    0    0     23.000     0.000     0.000     0.000     0.000,0455d96a9ecdd97a,MISSING_MODOUT1,MISSING_MODOUT1,MISSING_RAW_SAMPLE_DIR,NEED_RAW_SAMPLE_REVIEW
NIR,15,10,20,50,0.9761932837,NIR_transmittance_obs15_tar10_rng20_vis50_aerRural_humdefault,50,line3:1    0    1    0    0    0     50.000     0.000     0.000     0.000     0.000,a09b9e8ae3abcb77,MISSING_MODOUT1,MISSING_MODOUT1,MISSING_RAW_SAMPLE_DIR,NEED_RAW_SAMPLE_REVIEW
NIR,15,10,35,2,0.9614904728,NIR_transmittance_obs15_tar10_rng35_vis2_aerRural_humdefault,2,line3:1    0    1    0    0    0      2.000     0.000     0.000     0.000     0.000,2f702f20cb8c2fc0,MISSING_MODOUT1,MISSING_MODOUT1,MISSING_RAW_SAMPLE_DIR,NEED_RAW_SAMPLE_REVIEW
NIR,15,10,35,5,0.9614904728,NIR_transmittance_obs15_tar10_rng35_vis5_aerRural_humdefault,5,line3:1    0    1    0    0    0      5.000     0.000     0.000     0.000     0.000,25ac375b661b17d6,MISSING_MODOUT1,MISSING_MODOUT1,MISSING_RAW_SAMPLE_DIR,NEED_RAW_SAMPLE_REVIEW
NIR,15,10,35,10,0.9614904728,NIR_transmittance_obs15_tar10_rng35_vis10_aerRural_humdefault,10,line3:1    0    1    0    0    0     10.000     0.000     0.000     0.000     0.000,4266b36261aa1755,MISSING_MODOUT1,MISSING_MODOUT1,MISSING_RAW_SAMPLE_DIR,NEED_RAW_SAMPLE_REVIEW
NIR,15,10,35,23,0.9614904728,NIR_transmittance_obs15_tar10_rng35_vis23_aerRural_humdefault,23,line3:1    0    1    0    0    0     23.000     0.000     0.000     0.000     0.000,95ef6783345c5c6d,MISSING_MODOUT1,MISSING_MODOUT1,MISSING_RAW_SAMPLE_DIR,NEED_RAW_SAMPLE_REVIEW
NIR,15,10,35,50,0.9614904728,NIR_transmittance_obs15_tar10_rng35_vis50_aerRural_humdefault,50,line3:1    0    1    0    0    0     50.000     0.000     0.000     0.000     0.000,32f799ba916922f0,MISSING_MODOUT1,MISSING_MODOUT1,MISSING_RAW_SAMPLE_DIR,NEED_RAW_SAMPLE_REVIEW
NIR,15,10,50,2,0.9475140262,NIR_transmittance_obs15_tar10_rng50_vis2_aerRural_humdefault,2,line3:1    0    1    0    0    0      2.000     0.000     0.000     0.000     0.000,a8a18786cc63c48a,MISSING_MODOUT1,MISSING_MODOUT1,MISSING_RAW_SAMPLE_DIR,NEED_RAW_SAMPLE_REVIEW
NIR,15,10,50,5,0.9475140262,NIR_transmittance_obs15_tar10_rng50_vis5_aerRural_humdefault,5,line3:1    0    1    0    0    0      5.000     0.000     0.000     0.000     0.000,ab9cf7c2674b408b,MISSING_MODOUT1,MISSING_MODOUT1,MISSING_RAW_SAMPLE_DIR,NEED_RAW_SAMPLE_REVIEW
NIR,15,10,50,10,0.9475140262,NIR_transmittance_obs15_tar10_rng50_vis10_aerRural_humdefault,10,line3:1    0    1    0    0    0     10.000     0.000     0.000     0.000     0.000,03e94b1a55ec8835,MISSING_MODOUT1,MISSING_MODOUT1,MISSING_RAW_SAMPLE_DIR,NEED_RAW_SAMPLE_REVIEW
NIR,15,10,50,23,0.9475140262,NIR_transmittance_obs15_tar10_rng50_vis23_aerRural_humdefault,23,line3:1    0    1    0    0    0     23.000     0.000     0.000     0.000     0.000,24ae33db7a2ac938,MISSING_MODOUT1,MISSING_MODOUT1,MISSING_RAW_SAMPLE_DIR,NEED_RAW_SAMPLE_REVIEW
NIR,15,10,50,50,0.9475140262,NIR_transmittance_obs15_tar10_rng50_vis50_aerRural_humdefault,50,line3:1    0    1    0    0    0     50.000     0.000     0.000     0.000     0.000,0215cf52bc8441ad,MISSING_MODOUT1,MISSING_MODOUT1,MISSING_RAW_SAMPLE_DIR,NEED_RAW_SAMPLE_REVIEW
NIR,20,10,10,2,0.9899220196,NIR_transmittance_obs20_tar10_rng10_vis2_aerRural_humdefault,2,line3:1    0    1    0    0    0      2.000     0.000     0.000     0.000     0.000,997e3d6bc5fe0dd7,MISSING_MODOUT1,MISSING_MODOUT1,MISSING_RAW_SAMPLE_DIR,NEED_RAW_SAMPLE_REVIEW
NIR,20,10,10,5,0.9899220196,NIR_transmittance_obs20_tar10_rng10_vis5_aerRural_humdefault,5,line3:1    0    1    0    0    0      5.000     0.000     0.000     0.000     0.000,80948d9ae4fb439c,MISSING_MODOUT1,MISSING_MODOUT1,MISSING_RAW_SAMPLE_DIR,NEED_RAW_SAMPLE_REVIEW
NIR,20,10,10,10,0.9899220196,NIR_transmittance_obs20_tar10_rng10_vis10_aerRural_humdefault,10,line3:1    0    1    0    0    0     10.000     0.000     0.000     0.000     0.000,37af92b867cc6151,MISSING_MODOUT1,MISSING_MODOUT1,MISSING_RAW_SAMPLE_DIR,NEED_RAW_SAMPLE_REVIEW
NIR,20,10,10,23,0.9899220196,NIR_transmittance_obs20_tar10_rng10_vis23_aerRural_humdefault,23,line3:1    0    1    0    0    0     23.000     0.000     0.000     0.000     0.000,865fc8fa585c39ae,MISSING_MODOUT1,MISSING_MODOUT1,MISSING_RAW_SAMPLE_DIR,NEED_RAW_SAMPLE_REVIEW
NIR,20,10,10,50,0.9899220196,NIR_transmittance_obs20_tar10_rng10_vis50_aerRural_humdefault,50,line3:1    0    1    0    0    0     50.000     0.000     0.000     0.000     0.000,dfc532a345692691,MISSING_MODOUT1,MISSING_MODOUT1,MISSING_RAW_SAMPLE_DIR,NEED_RAW_SAMPLE_REVIEW
NIR,20,10,20,2,0.98172728,NIR_transmittance_obs20_tar10_rng20_vis2_aerRural_humdefault,2,line3:1    0    1    0    0    0      2.000     0.000     0.000     0.000     0.000,a4a1a763d566eb89,MISSING_MODOUT1,MISSING_MODOUT1,MISSING_RAW_SAMPLE_DIR,NEED_RAW_SAMPLE_REVIEW
NIR,20,10,20,5,0.98172728,NIR_transmittance_obs20_tar10_rng20_vis5_aerRural_humdefault,5,line3:1    0    1    0    0    0      5.000     0.000     0.000     0.000     0.000,c8cb37489e575db4,MISSING_MODOUT1,MISSING_MODOUT1,MISSING_RAW_SAMPLE_DIR,NEED_RAW_SAMPLE_REVIEW
NIR,20,10,20,10,0.98172728,NIR_transmittance_obs20_tar10_rng20_vis10_aerRural_humdefault,10,line3:1    0    1    0    0    0     10.000     0.000     0.000     0.000     0.000,763087137d8dddd3,MISSING_MODOUT1,MISSING_MODOUT1,MISSING_RAW_SAMPLE_DIR,NEED_RAW_SAMPLE_REVIEW
NIR,20,10,20,23,0.98172728,NIR_transmittance_obs20_tar10_rng20_vis23_aerRural_humdefault,23,line3:1    0    1    0    0    0     23.000     0.000     0.000     0.000     0.000,0e6aa09c740a4b87,MISSING_MODOUT1,MISSING_MODOUT1,MISSING_RAW_SAMPLE_DIR,NEED_RAW_SAMPLE_REVIEW
NIR,20,10,20,50,0.98172728,NIR_transmittance_obs20_tar10_rng20_vis50_aerRural_humdefault,50,line3:1    0    1    0    0    0     50.000     0.000     0.000     0.000     0.000,19f7f5e31db589c4,MISSING_MODOUT1,MISSING_MODOUT1,MISSING_RAW_SAMPLE_DIR,NEED_RAW_SAMPLE_REVIEW
NIR,20,10,35,2,0.9702156237,NIR_transmittance_obs20_tar10_rng35_vis2_aerRural_humdefault,2,line3:1    0    1    0    0    0      2.000     0.000     0.000     0.000     0.000,a941b5869a67aa09,MISSING_MODOUT1,MISSING_MODOUT1,MISSING_RAW_SAMPLE_DIR,NEED_RAW_SAMPLE_REVIEW
NIR,20,10,35,5,0.9702156237,NIR_transmittance_obs20_tar10_rng35_vis5_aerRural_humdefault,5,line3:1    0    1    0    0    0      5.000     0.000     0.000     0.000     0.000,c5960154971536d0,MISSING_MODOUT1,MISSING_MODOUT1,MISSING_RAW_SAMPLE_DIR,NEED_RAW_SAMPLE_REVIEW
NIR,20,10,35,10,0.9702156237,NIR_transmittance_obs20_tar10_rng35_vis10_aerRural_humdefault,10,line3:1    0    1    0    0    0     10.000     0.000     0.000     0.000     0.000,9af94bb9e18a798a,MISSING_MODOUT1,MISSING_MODOUT1,MISSING_RAW_SAMPLE_DIR,NEED_RAW_SAMPLE_REVIEW
NIR,20,10,35,23,0.9702156237,NIR_transmittance_obs20_tar10_rng35_vis23_aerRural_humdefault,23,line3:1    0    1    0    0    0     23.000     0.000     0.000     0.000     0.000,3640d5c7a795560d,MISSING_MODOUT1,MISSING_MODOUT1,MISSING_RAW_SAMPLE_DIR,NEED_RAW_SAMPLE_REVIEW
NIR,20,10,35,50,0.9702156237,NIR_transmittance_obs20_tar10_rng35_vis50_aerRural_humdefault,50,line3:1    0    1    0    0    0     50.000     0.000     0.000     0.000     0.000,0580a96129afc439,MISSING_MODOUT1,MISSING_MODOUT1,MISSING_RAW_SAMPLE_DIR,NEED_RAW_SAMPLE_REVIEW
NIR,20,10,50,2,0.9592132983,NIR_transmittance_obs20_tar10_rng50_vis2_aerRural_humdefault,2,line3:1    0    1    0    0    0      2.000     0.000     0.000     0.000     0.000,c3327a0ac20a0bcc,MISSING_MODOUT1,MISSING_MODOUT1,MISSING_RAW_SAMPLE_DIR,NEED_RAW_SAMPLE_REVIEW
NIR,20,10,50,5,0.9592132983,NIR_transmittance_obs20_tar10_rng50_vis5_aerRural_humdefault,5,line3:1    0    1    0    0    0      5.000     0.000     0.000     0.000     0.000,b24385cd210b65c5,MISSING_MODOUT1,MISSING_MODOUT1,MISSING_RAW_SAMPLE_DIR,NEED_RAW_SAMPLE_REVIEW
NIR,20,10,50,10,0.9592132983,NIR_transmittance_obs20_tar10_rng50_vis10_aerRural_humdefault,10,line3:1    0    1    0    0    0     10.000     0.000     0.000     0.000     0.000,56bafcd89b4a454a,MISSING_MODOUT1,MISSING_MODOUT1,MISSING_RAW_SAMPLE_DIR,NEED_RAW_SAMPLE_REVIEW
NIR,20,10,50,23,0.9592132983,NIR_transmittance_obs20_tar10_rng50_vis23_aerRural_humdefault,23,line3:1    0    1    0    0    0     23.000     0.000     0.000     0.000     0.000,31d5f70be46ab8f0,MISSING_MODOUT1,MISSING_MODOUT1,MISSING_RAW_SAMPLE_DIR,NEED_RAW_SAMPLE_REVIEW
NIR,20,10,50,50,0.9592132983,NIR_transmittance_obs20_tar10_rng50_vis50_aerRural_humdefault,50,line3:1    0    1    0    0    0     50.000     0.000     0.000     0.000     0.000,ca3f30b68c06a183,MISSING_MODOUT1,MISSING_MODOUT1,MISSING_RAW_SAMPLE_DIR,NEED_RAW_SAMPLE_REVIEW
NIR,20,15,5,2,0.9964313171,NIR_transmittance_obs20_tar15_rng5_vis2_aerRural_humdefault,2,line3:1    0    1    0    0    0      2.000     0.000     0.000     0.000     0.000,cfe9165147c5cedd,MISSING_MODOUT1,MISSING_MODOUT1,MISSING_RAW_SAMPLE_DIR,NEED_RAW_SAMPLE_REVIEW
NIR,20,15,5,5,0.9964313171,NIR_transmittance_obs20_tar15_rng5_vis5_aerRural_humdefault,5,line3:1    0    1    0    0    0      5.000     0.000     0.000     0.000     0.000,35fa614ac3483ae9,MISSING_MODOUT1,MISSING_MODOUT1,MISSING_RAW_SAMPLE_DIR,NEED_RAW_SAMPLE_REVIEW
NIR,20,15,5,10,0.9964313171,NIR_transmittance_obs20_tar15_rng5_vis10_aerRural_humdefault,10,line3:1    0    1    0    0    0     10.000     0.000     0.000     0.000     0.000,0cc2b125531d2b89,MISSING_MODOUT1,MISSING_MODOUT1,MISSING_RAW_SAMPLE_DIR,NEED_RAW_SAMPLE_REVIEW
NIR,20,15,5,23,0.9964313171,NIR_transmittance_obs20_tar15_rng5_vis23_aerRural_humdefault,23,line3:1    0    1    0    0    0     23.000     0.000     0.000     0.000     0.000,b395dedbfcca1cd8,MISSING_MODOUT1,MISSING_MODOUT1,MISSING_RAW_SAMPLE_DIR,NEED_RAW_SAMPLE_REVIEW
NIR,20,15,5,50,0.9964313171,NIR_transmittance_obs20_tar15_rng5_vis50_aerRural_humdefault,50,line3:1    0    1    0    0    0     50.000     0.000     0.000     0.000     0.000,b855ca9d835c8c9c,MISSING_MODOUT1,MISSING_MODOUT1,MISSING_RAW_SAMPLE_DIR,NEED_RAW_SAMPLE_REVIEW
NIR,20,15,10,2,0.9935643541,NIR_transmittance_obs20_tar15_rng10_vis2_aerRural_humdefault,2,line3:1    0    1    0    0    0      2.000     0.000     0.000     0.000     0.000,d9a529855682bf77,MISSING_MODOUT1,MISSING_MODOUT1,MISSING_RAW_SAMPLE_DIR,NEED_RAW_SAMPLE_REVIEW
NIR,20,15,10,5,0.9935643541,NIR_transmittance_obs20_tar15_rng10_vis5_aerRural_humdefault,5,line3:1    0    1    0    0    0      5.000     0.000     0.000     0.000     0.000,bc9dcdc05875674b,MISSING_MODOUT1,MISSING_MODOUT1,MISSING_RAW_SAMPLE_DIR,NEED_RAW_SAMPLE_REVIEW
NIR,20,15,10,10,0.9935643541,NIR_transmittance_obs20_tar15_rng10_vis10_aerRural_humdefault,10,line3:1    0    1    0    0    0     10.000     0.000     0.000     0.000     0.000,f90742490efd1190,MISSING_MODOUT1,MISSING_MODOUT1,MISSING_RAW_SAMPLE_DIR,NEED_RAW_SAMPLE_REVIEW
NIR,20,15,10,23,0.9935643541,NIR_transmittance_obs20_tar15_rng10_vis23_aerRural_humdefault,23,line3:1    0    1    0    0    0     23.000     0.000     0.000     0.000     0.000,07da27cec7223b0a,MISSING_MODOUT1,MISSING_MODOUT1,MISSING_RAW_SAMPLE_DIR,NEED_RAW_SAMPLE_REVIEW
NIR,20,15,10,50,0.9935643541,NIR_transmittance_obs20_tar15_rng10_vis50_aerRural_humdefault,50,line3:1    0    1    0    0    0     50.000     0.000     0.000     0.000     0.000,59b69940cacdbe34,MISSING_MODOUT1,MISSING_MODOUT1,MISSING_RAW_SAMPLE_DIR,NEED_RAW_SAMPLE_REVIEW
NIR,20,15,20,2,0.988152987,NIR_transmittance_obs20_tar15_rng20_vis2_aerRural_humdefault,2,line3:1    0    1    0    0    0      2.000     0.000     0.000     0.000     0.000,958703a436f5b3cc,MISSING_MODOUT1,MISSING_MODOUT1,MISSING_RAW_SAMPLE_DIR,NEED_RAW_SAMPLE_REVIEW
NIR,20,15,20,5,0.988152987,NIR_transmittance_obs20_tar15_rng20_vis5_aerRural_humdefault,5,line3:1    0    1    0    0    0      5.000     0.000     0.000     0.000     0.000,dfd27a17a5c3e9a7,MISSING_MODOUT1,MISSING_MODOUT1,MISSING_RAW_SAMPLE_DIR,NEED_RAW_SAMPLE_REVIEW
NIR,20,15,20,10,0.988152987,NIR_transmittance_obs20_tar15_rng20_vis10_aerRural_humdefault,10,line3:1    0    1    0    0    0     10.000     0.000     0.000     0.000     0.000,7bbbe642057d33f5,MISSING_MODOUT1,MISSING_MODOUT1,MISSING_RAW_SAMPLE_DIR,NEED_RAW_SAMPLE_REVIEW
NIR,20,15,20,23,0.988152987,NIR_transmittance_obs20_tar15_rng20_vis23_aerRural_humdefault,23,line3:1    0    1    0    0    0     23.000     0.000     0.000     0.000     0.000,b4d8eed49cd81b14,MISSING_MODOUT1,MISSING_MODOUT1,MISSING_RAW_SAMPLE_DIR,NEED_RAW_SAMPLE_REVIEW
NIR,20,15,20,50,0.988152987,NIR_transmittance_obs20_tar15_rng20_vis50_aerRural_humdefault,50,line3:1    0    1    0    0    0     50.000     0.000     0.000     0.000     0.000,21d72666d00517de,MISSING_MODOUT1,MISSING_MODOUT1,MISSING_RAW_SAMPLE_DIR,NEED_RAW_SAMPLE_REVIEW
NIR,20,15,35,2,0.9803855223,NIR_transmittance_obs20_tar15_rng35_vis2_aerRural_humdefault,2,line3:1    0    1    0    0    0      2.000     0.000     0.000     0.000     0.000,c45dfd0b190453e9,MISSING_MODOUT1,MISSING_MODOUT1,MISSING_RAW_SAMPLE_DIR,NEED_RAW_SAMPLE_REVIEW
NIR,20,15,35,5,0.9803855223,NIR_transmittance_obs20_tar15_rng35_vis5_aerRural_humdefault,5,line3:1    0    1    0    0    0      5.000     0.000     0.000     0.000     0.000,635091fdafca8330,MISSING_MODOUT1,MISSING_MODOUT1,MISSING_RAW_SAMPLE_DIR,NEED_RAW_SAMPLE_REVIEW
NIR,20,15,35,10,0.9803855223,NIR_transmittance_obs20_tar15_rng35_vis10_aerRural_humdefault,10,line3:1    0    1    0    0    0     10.000     0.000     0.000     0.000     0.000,7034768d5eafe1bd,MISSING_MODOUT1,MISSING_MODOUT1,MISSING_RAW_SAMPLE_DIR,NEED_RAW_SAMPLE_REVIEW
NIR,20,15,35,23,0.9803855223,NIR_transmittance_obs20_tar15_rng35_vis23_aerRural_humdefault,23,line3:1    0    1    0    0    0     23.000     0.000     0.000     0.000     0.000,e9a97eff557d4bc0,MISSING_MODOUT1,MISSING_MODOUT1,MISSING_RAW_SAMPLE_DIR,NEED_RAW_SAMPLE_REVIEW
NIR,20,15,35,50,0.9803855223,NIR_transmittance_obs20_tar15_rng35_vis50_aerRural_humdefault,50,line3:1    0    1    0    0    0     50.000     0.000     0.000     0.000     0.000,d7468d89dd9f845b,MISSING_MODOUT1,MISSING_MODOUT1,MISSING_RAW_SAMPLE_DIR,NEED_RAW_SAMPLE_REVIEW
NIR,20,15,50,2,0.9728499925,NIR_transmittance_obs20_tar15_rng50_vis2_aerRural_humdefault,2,line3:1    0    1    0    0    0      2.000     0.000     0.000     0.000     0.000,09c65795e3cb6af8,MISSING_MODOUT1,MISSING_MODOUT1,MISSING_RAW_SAMPLE_DIR,NEED_RAW_SAMPLE_REVIEW
NIR,20,15,50,5,0.9728499925,NIR_transmittance_obs20_tar15_rng50_vis5_aerRural_humdefault,5,line3:1    0    1    0    0    0      5.000     0.000     0.000     0.000     0.000,b43429c754a1dbb2,MISSING_MODOUT1,MISSING_MODOUT1,MISSING_RAW_SAMPLE_DIR,NEED_RAW_SAMPLE_REVIEW
NIR,20,15,50,10,0.9728499925,NIR_transmittance_obs20_tar15_rng50_vis10_aerRural_humdefault,10,line3:1    0    1    0    0    0     10.000     0.000     0.000     0.000     0.000,825f61a49be2fac4,MISSING_MODOUT1,MISSING_MODOUT1,MISSING_RAW_SAMPLE_DIR,NEED_RAW_SAMPLE_REVIEW
NIR,20,15,50,23,0.9728499925,NIR_transmittance_obs20_tar15_rng50_vis23_aerRural_humdefault,23,line3:1    0    1    0    0    0     23.000     0.000     0.000     0.000     0.000,f466f315725b34c5,MISSING_MODOUT1,MISSING_MODOUT1,MISSING_RAW_SAMPLE_DIR,NEED_RAW_SAMPLE_REVIEW
NIR,20,15,50,50,0.9728499925,NIR_transmittance_obs20_tar15_rng50_vis50_aerRural_humdefault,50,line3:1    0    1    0    0    0     50.000     0.000     0.000     0.000     0.000,04816ed741598019,MISSING_MODOUT1,MISSING_MODOUT1,MISSING_RAW_SAMPLE_DIR,NEED_RAW_SAMPLE_REVIEW
